lamas_code,CityLMSName,Floor,NoRooms,OneRooms,TwoRooms,ThreeRooms,FourRooms,FiveRooms,SixRooms,SevenRooms,EightRooms,NineRooms,TenRooms,MoreRooms
3611,QIRYAT ARBA,2,0,5,2,39,6,0,0,0,0,0,0,0
1292,JUDEIDE-MAKER,3,0,0,0,13,0,0,0,0,0,0,0,0
8600,RAMAT GAN,5,0,0,0,5,3,0,0,0,0,0,0,0
7900,PETAH TIQWA,19,0,0,0,0,1,0,0,0,0,0,0,0
806,EN YAHAV,1,0,0,0,1,0,0,0,0,0,0,0,0
1063,MA'ALOT-TARSHIHA,2,0,3,36,76,7,0,0,0,0,0,0,0
8400,REHOVOT,3,0,3,13,47,9,3,0,0,0,0,0,0
1020,OR AQIVA,5,0,0,0,0,1,1,0,0,0,0,0,0
7000,LOD,2,0,1,75,102,35,0,0,0,0,0,0,0
565,AZOR,4,0,1,0,11,0,0,0,0,0,0,0,0
3652,BET ARYE-OFARIM,3,0,0,0,1,0,0,0,0,0,0,0,0
8500,RAMLA,4,0,0,27,55,7,1,0,0,0,0,0,0
229,GANNE TIQWA,4,0,0,0,6,0,0,0,0,0,0,0,0
9700,HOD HASHARON,1,0,7,25,19,26,8,2,0,0,0,0,0
3616,MA'ALE ADUMMIM,4,0,0,0,2,0,0,0,0,0,0,0,0
7900,PETAH TIQWA,13,0,0,0,1,0,0,0,0,0,0,0,0
8400,REHOVOT,6,0,0,1,6,2,0,0,0,0,0,0,0
681,GIV'AT SHEMU'EL,4,0,0,8,3,0,0,0,0,0,0,0,0
1020,OR AQIVA,2,0,9,28,33,1,0,0,0,0,0,0,0
99,MIZPE RAMON,2,0,0,24,75,27,3,2,0,0,0,0,0
2620,QIRYAT ONO,7,0,0,0,1,0,0,0,0,0,0,0,0
8600,RAMAT GAN,8,0,0,0,4,0,0,0,0,0,0,0,0
53,ATLIT,2,0,0,6,18,0,0,0,0,0,0,0,0
6100,BENE BERAQ,2,0,2,27,45,24,0,0,0,0,0,0,0
8600,RAMAT GAN,2,0,12,36,19,4,0,0,0,0,0,0,0
8400,REHOVOT,0,0,0,1,0,0,0,0,0,0,0,0,0
9700,HOD HASHARON,4,0,0,7,3,0,0,0,0,0,0,0,0
8500,RAMLA,1,0,17,50,130,23,4,0,0,0,0,0,0
1063,MA'ALOT-TARSHIHA,5,0,0,3,12,0,0,0,0,0,0,0,0
7000,LOD,5,0,0,0,2,3,0,0,0,0,0,0,0
229,GANNE TIQWA,1,0,7,2,5,1,1,0,0,0,0,0,0
3616,MA'ALE ADUMMIM,1,0,0,0,2,3,0,0,0,0,0,0,0
681,GIV'AT SHEMU'EL,1,0,7,3,5,1,0,0,0,0,0,0,0
3780,BETAR ILLIT,-3,0,0,0,0,1,0,0,0,0,0,0,0
3649,SHAQED,1,0,0,0,1,0,0,0,0,0,0,0,0
6200,BAT YAM,7,0,0,1,4,2,0,0,0,0,0,0,0
3756,SUSEYA,1,0,0,0,2,0,0,0,0,0,0,0,0
6200,BAT YAM,10,0,0,0,0,1,0,0,0,0,0,0,0
70,ASHDOD,8,0,0,0,7,3,0,0,0,0,0,0,0
3793,AVNE HEFEZ,2,0,0,0,3,0,0,0,0,0,0,0,0
2034,HAZOR HAGELILIT,2,0,0,15,47,6,1,1,0,0,0,0,0
6100,BENE BERAQ,5,0,0,6,9,0,1,0,0,0,0,0,0
6900,KEFAR SAVA,1,0,4,24,44,9,1,0,0,0,0,0,0
8000,ZEFAT,7,0,0,13,18,2,0,0,0,0,0,0,0
3717,HERMESH,1,0,0,0,5,0,0,0,0,0,0,0,0
3574,BET EL,1,0,0,0,8,5,0,0,0,0,0,0,0
6800,QIRYAT ATTA,2,0,16,74,62,8,1,1,0,0,0,0,0
874,MIGDAL HAEMEQ,8,0,0,0,0,4,0,0,0,0,0,0,0
8000,ZEFAT,1,0,2,37,86,9,1,1,0,0,0,0,0
874,MIGDAL HAEMEQ,2,0,1,99,120,19,0,0,0,0,0,0,0
466,BET DAGAN,2,0,1,2,6,0,0,0,0,0,0,0,0
2034,HAZOR HAGELILIT,5,0,0,1,4,0,0,0,0,0,0,0,0
9100,NAHARIYYA,0,0,0,0,2,2,0,0,0,0,0,0,0
6900,KEFAR SAVA,7,0,0,0,1,0,0,0,0,0,0,0,0
8500,RAMLA,7,0,1,0,7,1,0,0,0,0,0,0,0
122,RAMAT YISHAY,1,0,3,0,5,0,0,0,0,0,0,0,0
874,MIGDAL HAEMEQ,5,0,0,0,1,5,0,0,0,0,0,0,0
8300,RISHON LEZIYYON,1,0,16,40,107,42,4,0,0,0,0,0,0
6900,KEFAR SAVA,4,0,0,1,18,4,0,0,0,0,0,0,0
8000,ZEFAT,10,0,0,1,6,0,0,0,0,0,0,0,0
9600,QIRYAT YAM,0,0,4,4,1,1,1,1,0,0,0,0,0
8000,ZEFAT,4,0,0,28,32,6,0,0,0,0,0,0,0
3765,ELI,1,0,0,0,32,0,0,0,0,0,0,0,0
2600,ELAT,10,0,0,0,0,1,0,0,0,0,0,0,0
1061,NOF HAGALIL,8,0,0,4,13,2,0,0,0,0,0,0,0
7400,NETANYA,5,0,0,3,20,10,1,0,0,0,0,0,0
154,TEL MOND,3,0,0,0,2,1,0,0,0,0,0,0,0
9400,YEHUD,9,0,0,0,0,1,0,0,0,0,0,0,0
2100,TIRAT KARMEL,1,0,45,90,73,14,0,0,0,0,0,0,0
240,YOQNE'AM ILLIT,4,0,1,7,6,1,0,0,0,0,0,0,0
7700,AFULA,10,0,0,0,3,0,0,0,0,0,0,0,0
922,REKHASIM,2,0,0,3,1,3,0,0,0,0,0,0,0
2650,RAMAT HASHARON,7,0,0,0,0,2,0,0,0,0,0,0,0
26,ROSH PINNA,2,0,0,0,7,0,0,0,0,0,0,0,0
7800,PARDES HANNA-KARKUR,2,0,7,20,11,1,1,0,0,0,0,0,0
8000,ZEFAT,9,0,0,1,15,3,0,0,0,0,0,0,0
2650,RAMAT HASHARON,13,0,0,0,0,2,0,0,0,0,0,0,0
2600,ELAT,7,0,0,0,3,2,0,0,0,0,0,0,0
9500,QIRYAT BIALIK,2,0,38,48,25,3,1,0,0,0,0,0,0
3780,BETAR ILLIT,0,0,0,0,2,3,1,0,0,0,0,0,0
7700,AFULA,4,0,2,57,106,14,1,1,0,0,0,0,0
240,YOQNE'AM ILLIT,1,0,5,17,9,5,1,0,0,0,0,0,0
3752,MA'ALE LEVONA,1,0,0,0,3,0,0,0,0,0,0,0,0
5000,TEL AVIV - YAFO,11,0,0,0,1,1,0,0,0,0,0,0,0
7400,NETANYA,2,0,13,38,112,32,8,0,0,0,0,0,0
2650,RAMAT HASHARON,10,0,0,0,0,1,0,0,0,0,0,0,0
7700,AFULA,7,0,0,32,21,3,0,0,0,0,0,0,0
2650,RAMAT HASHARON,4,0,0,6,4,1,0,0,0,0,0,0,0
2600,ELAT,4,0,0,8,27,7,0,0,0,0,0,0,0
1223,SEDE AVRAHAM,0,0,0,0,2,0,0,0,0,0,0,0,0
7600,AKKO,2,0,38,87,74,12,0,0,0,0,0,0,0
1292,JUDEIDE-MAKER,1,0,0,10,14,0,0,0,0,0,0,0,0
3598,ARGAMAN,1,0,0,0,1,0,0,0,0,0,0,0,0
565,AZOR,2,0,0,0,9,1,0,0,0,0,0,0,0
3611,QIRYAT ARBA,4,0,1,0,21,8,0,0,0,0,0,0,0
3000,JERUSALEM,10,0,0,0,3,1,0,0,0,0,0,0,0
3570,ARI'EL,1,0,0,8,6,0,0,0,0,0,0,0,0
3652,BET ARYE-OFARIM,1,0,0,0,0,2,0,0,0,0,0,0,0
7900,PETAH TIQWA,11,0,0,0,0,1,0,0,0,0,0,0,0
70,ASHDOD,16,0,0,0,0,1,0,0,0,0,0,0,0
7900,PETAH TIQWA,8,0,0,0,3,2,0,0,0,0,0,0,0
3560,ELQANA,0,0,0,0,0,0,1,0,0,0,0,0,0
1247,HARISH,0,0,0,0,1,0,0,0,0,0,0,0,0
4000,HAIFA,3,0,25,102,96,33,3,0,0,0,0,0,0
6200,BAT YAM,2,0,2,57,96,19,1,0,0,0,0,0,0
9500,QIRYAT BIALIK,5,0,0,0,2,2,0,0,0,0,0,0,0
3611,QIRYAT ARBA,1,0,2,9,30,15,0,0,0,0,0,0,0
3570,ARI'EL,4,0,0,0,4,0,0,0,0,0,0,0,0
4000,HAIFA,0,0,10,30,20,12,2,0,1,0,0,0,0
880,EN SARID,1,0,1,1,1,1,0,0,0,0,0,0,0
#N/A,Hebron,1,0,0,0,0,0,0,0,1,0,0,0,0
3000,JERUSALEM,7,0,0,0,16,9,0,0,0,0,0,0,0
3000,JERUSALEM,13,0,0,0,1,0,0,0,0,0,0,0,0
7900,PETAH TIQWA,5,0,0,0,6,13,0,0,0,0,0,0,0
2300,QIRYAT TIV'ON,4,0,0,0,0,2,0,0,0,0,0,0,0
1229,KALLANIT,0,0,0,0,9,0,0,0,0,0,0,0,0
9500,QIRYAT BIALIK,8,0,0,0,1,3,0,0,0,0,0,0,0
2500,NESHER,12,0,0,0,0,1,0,0,0,0,0,0,0
1063,MA'ALOT-TARSHIHA,4,0,0,2,36,5,0,0,0,0,0,0,0
8500,RAMLA,2,0,0,43,70,30,3,0,0,0,0,0,0
831,YEROHAM,1,0,5,63,104,19,8,7,1,0,0,0,0
168,KEFAR YONA,2,0,0,3,4,4,0,0,0,0,0,0,0
9200,BET SHE'AN,3,0,0,1,113,105,1,1,0,1,0,0,0
1210,KAHAL,,0,0,0,1,0,0,0,0,0,0,0,0
6200,BAT YAM,8,0,0,0,5,3,0,0,0,0,0,0,0
4000,HAIFA,1,0,58,118,140,36,3,0,0,0,0,0,0
3797,MODI'IN ILLIT,5,0,0,0,0,1,0,0,0,0,0,0,0
3746,QIRYAT NETAFIM,1,0,0,0,10,0,0,0,0,0,0,0,0
880,EN SARID,0,0,0,0,0,1,0,0,0,0,0,0,0
9300,ZIKHRON YA'AQOV,2,0,1,2,1,4,0,0,0,0,0,0,0
3754,ASFAR,0,0,0,0,5,0,0,0,0,0,0,0,0
122,RAMAT YISHAY,0,0,0,0,1,0,0,0,0,0,0,0,0
2800,QIRYAT SHEMONA,6,0,0,0,1,8,0,0,0,0,0,0,0
8300,RISHON LEZIYYON,0,0,1,0,1,0,0,0,0,0,0,0,0
7900,PETAH TIQWA,4,0,0,33,56,7,3,0,0,0,0,0,0
2500,NESHER,5,0,7,1,6,3,0,0,0,0,0,0,0
8300,RISHON LEZIYYON,6,0,0,0,10,4,0,0,0,0,0,0,0
6900,KEFAR SAVA,5,0,0,0,6,0,0,0,0,0,0,0,0
2630,QIRYAT GAT,15,0,0,0,0,1,0,0,0,0,0,0,0
#N/A,Neomi,0,0,0,0,3,0,0,0,0,0,0,0,0
6600,HOLON,0,0,0,2,6,0,0,0,0,0,0,0,0
8700,RA'ANNANA,3,0,0,2,8,3,2,0,0,0,0,0,0
1139,KARMI'EL,9,0,0,0,0,3,0,0,0,0,0,0,0
4000,HAIFA,7,0,5,5,17,10,1,0,0,0,0,0,0
7100,ASHQELON,8,0,0,0,8,1,0,0,0,0,0,0,0
2800,QIRYAT SHEMONA,9,0,0,0,8,4,0,0,0,0,0,0,0
7900,PETAH TIQWA,10,0,0,0,3,0,0,0,0,0,0,0,0
6900,KEFAR SAVA,2,0,0,15,25,6,1,0,0,0,0,0,0
8300,RISHON LEZIYYON,3,0,2,23,74,43,2,0,0,0,0,0,0
7900,PETAH TIQWA,7,0,0,0,1,0,0,0,0,0,0,0,0
1232,YEVUL,0,0,0,0,3,0,0,0,0,0,0,0,0
6600,HOLON,3,0,9,37,69,16,4,0,0,0,0,0,0
4000,HAIFA,4,0,16,70,76,18,0,0,0,0,0,0,0
1247,HARISH,1,0,0,0,3,1,0,0,0,0,0,0,0
2630,QIRYAT GAT,12,0,0,0,0,1,0,0,0,0,0,0,0
7100,ASHQELON,5,0,0,4,9,5,1,0,0,0,0,0,0
1066,BENE AYISH,2,0,0,0,1,0,0,0,0,0,0,0,0
1061,NOF HAGALIL,12,0,0,0,0,4,0,0,0,0,0,0,0
240,YOQNE'AM ILLIT,8,0,0,0,1,0,0,0,0,0,0,0,0
154,TEL MOND,1,0,0,6,4,1,6,0,0,0,0,0,0
7400,NETANYA,7,0,0,1,11,9,1,0,0,0,0,0,0
1063,MA'ALOT-TARSHIHA,0,0,0,1,2,3,1,0,0,0,0,0,0
3616,MA'ALE ADUMMIM,2,0,0,0,3,1,0,0,0,0,0,0,0
7700,AFULA,3,0,2,52,182,41,0,0,0,0,0,0,0
2500,NESHER,8,0,0,0,2,4,0,0,0,0,0,0,0
1063,MA'ALOT-TARSHIHA,6,0,0,0,3,2,0,0,0,0,0,0,0
240,YOQNE'AM ILLIT,2,0,6,11,11,4,0,0,0,0,0,0,0
1227,YATED,0,0,0,0,2,0,0,0,0,0,0,0,0
1061,NOF HAGALIL,3,0,7,126,226,21,0,4,0,0,0,0,0
9200,BET SHE'AN,5,0,0,0,13,2,0,0,0,0,0,0,0
7400,NETANYA,1,0,73,74,138,58,11,2,0,0,0,0,0
7700,AFULA,6,0,0,32,33,6,1,0,0,0,0,0,0
2400,OR YEHUDA,2,0,0,13,18,2,0,0,0,0,0,0,0
2620,QIRYAT ONO,5,0,0,0,1,3,0,0,0,0,0,0,0
2530,BE'ER YA'AQOV,3,0,0,3,18,0,0,0,0,0,0,0,0
1066,BENE AYISH,5,0,0,0,1,0,0,0,0,0,0,0,0
1063,MA'ALOT-TARSHIHA,3,0,0,31,63,9,0,0,0,0,0,0,0
7400,NETANYA,4,0,0,19,79,30,2,0,0,0,0,0,0
6400,HERZLIYYA,4,0,6,10,9,2,0,0,0,0,0,0,0
469,QIRYAT EQRON,4,0,0,1,1,0,0,0,0,0,0,0,0
43,METULA,2,0,0,0,0,2,0,0,0,0,0,0,0
3660,IMMANU'EL,1,0,0,0,0,0,1,0,0,0,0,0,0
240,YOQNE'AM ILLIT,5,0,0,0,0,5,0,0,0,0,0,0,0
26,ROSH PINNA,1,0,0,3,11,0,2,0,0,0,0,0,0
7700,AFULA,9,0,0,2,3,0,0,0,0,0,0,0,0
9200,BET SHE'AN,2,0,2,19,123,86,1,0,0,1,0,0,0
1061,NOF HAGALIL,6,0,0,14,30,2,0,0,0,0,0,0,0
70,ASHDOD,10,0,0,0,0,1,0,0,0,0,0,0,0
2650,RAMAT HASHARON,19,0,0,0,0,1,0,0,0,0,0,0,0
5000,TEL AVIV - YAFO,2,0,25,153,201,75,11,1,0,0,0,0,0
1034,QIRYAT MAL'AKHI,2,0,0,34,33,16,1,0,0,0,0,0,0
8200,QIRYAT MOTZKIN,9,0,0,0,0,0,1,0,0,0,0,0,0
874,MIGDAL HAEMEQ,4,0,0,6,80,11,0,0,0,0,0,0,0
2600,ELAT,1,0,5,19,60,12,1,0,0,0,0,0,0
7000,LOD,8,0,0,0,1,2,0,0,0,0,0,0,0
8200,QIRYAT MOTZKIN,6,0,0,0,0,0,1,0,0,0,0,0,0
5000,TEL AVIV - YAFO,8,0,0,1,24,4,0,0,0,0,0,0,0
70,ASHDOD,4,0,5,133,121,41,5,0,0,0,0,0,0
8200,QIRYAT MOTZKIN,0,0,2,1,0,0,0,0,0,0,0,0,0
1309,EL'AD,2,0,0,0,5,5,0,0,0,0,0,0,0
195,QADIMA-ZORAN,0,0,0,1,1,1,0,0,0,0,0,0,0
2550,GEDERA,0,0,0,0,0,1,0,0,0,0,0,0,0
3749,YIZHAR,1,0,0,0,2,0,0,0,0,0,0,0,0
70,ASHDOD,7,0,0,0,10,14,3,0,0,0,0,0,0
2650,RAMAT HASHARON,16,0,0,0,0,1,0,0,0,0,0,0,0
1034,QIRYAT MAL'AKHI,5,0,0,0,0,3,0,0,0,0,0,0,0
8200,QIRYAT MOTZKIN,3,0,0,3,18,2,0,0,0,0,0,0,0
195,QADIMA-ZORAN,3,0,0,2,4,1,0,0,0,0,0,0,0
13,HAZEVA,0,0,0,0,3,0,0,0,0,0,0,0,0
5000,TEL AVIV - YAFO,5,0,0,6,49,13,0,0,0,0,0,0,0
874,MIGDAL HAEMEQ,1,0,6,78,128,34,5,0,0,0,0,0,0
874,MIGDAL HAEMEQ,7,0,0,0,4,5,0,0,0,0,0,0,0
2550,GEDERA,3,0,0,0,1,1,0,0,0,0,0,0,0
3780,BETAR ILLIT,3,0,0,0,2,0,0,0,0,0,0,0,0
8400,REHOVOT,1,0,5,49,70,31,13,1,0,0,0,0,0
7200,NES ZIYYONA,3,0,1,4,13,2,1,0,0,0,0,0,0
9600,QIRYAT YAM,3,0,7,32,56,8,0,0,0,0,0,0,0
229,GANNE TIQWA,2,0,0,0,10,1,0,0,0,0,0,0,0
2560,ARAD,5,0,0,0,3,5,0,0,0,0,0,0,0
1105,PORIYYA-NEWE OVED,1,0,1,1,1,0,0,0,0,0,0,0,0
1237,TALME YOSEF,0,0,0,0,0,1,0,0,0,0,0,0,0
168,KEFAR YONA,8,0,0,0,1,0,0,0,0,0,0,0,0
812,SHELOMI,4,0,0,5,4,5,0,0,0,0,0,0,0
4011,AVNE ETAN,0,0,0,0,8,0,0,0,0,0,0,0,0
2640,ROSH HAAYIN,2,0,0,2,15,7,4,0,0,0,0,0,0
2560,ARAD,2,0,6,21,21,8,1,0,0,0,0,0,0
7200,NES ZIYYONA,6,0,0,0,0,1,0,0,0,0,0,0,0
1150,ZOFAR,0,0,0,0,2,0,0,0,0,0,0,0,0
8400,REHOVOT,4,0,1,14,37,7,0,0,0,0,0,0,0
8500,RAMLA,13,0,0,0,0,1,0,0,0,0,0,0,0
229,GANNE TIQWA,5,0,0,0,1,0,0,0,0,0,0,0,0
2560,ARAD,8,0,0,0,1,0,0,0,0,0,0,0,0
3640,QARNE SHOMERON,1,0,0,0,35,8,6,0,0,0,0,0,0
681,GIV'AT SHEMU'EL,3,0,0,5,2,0,0,0,0,0,0,0,0
8400,REHOVOT,7,0,0,1,2,3,0,0,0,0,0,0,0
812,SHELOMI,1,0,1,3,40,25,2,0,1,0,0,0,0
4100,QAZRIN,1,0,4,2,24,5,0,0,0,0,0,0,0
9600,QIRYAT YAM,9,0,0,0,0,1,0,0,0,0,0,0,0
7300,NAZARETH,3,0,0,0,7,4,0,0,0,0,0,0,0
2800,QIRYAT SHEMONA,2,0,4,19,150,115,1,1,0,0,0,0,0
1176,SAPPIR,0,0,0,0,3,0,0,0,0,0,0,0,0
8400,REHOVOT,10,0,0,0,0,1,0,0,0,0,0,0,0
#N/A,ZROR,1,0,0,0,17,3,0,0,0,0,0,0,0
6600,HOLON,10,0,0,0,1,0,0,0,0,0,0,0,0
6800,QIRYAT ATTA,0,0,0,0,1,0,1,0,0,0,0,0,0
6500,HADERA,0,0,0,0,0,2,0,0,0,0,0,0,0
2630,QIRYAT GAT,5,0,0,7,11,2,0,0,0,0,0,0,0
1139,KARMI'EL,2,0,0,24,82,7,0,0,0,0,0,0,0
1291,KEMEHIN,1,0,0,0,4,0,0,0,0,0,0,0,0
8700,RA'ANNANA,0,0,0,2,2,2,0,0,0,0,0,0,0
8300,RISHON LEZIYYON,,0,0,0,4,0,0,0,0,0,0,0,0
9600,QIRYAT YAM,5,0,0,2,1,1,1,0,0,0,0,0,0
2560,ARAD,7,0,0,0,7,3,0,0,0,0,0,0,0
1251,EN TAMAR,0,0,0,0,1,0,0,0,0,0,0,0,0
6600,HOLON,6,0,1,5,7,11,0,0,0,0,0,0,0
6800,QIRYAT ATTA,4,0,0,42,44,4,3,0,0,0,0,0,0
6800,QIRYAT ATTA,10,0,0,0,0,1,0,0,0,0,0,0,0
2630,QIRYAT GAT,3,0,0,146,160,27,2,0,0,0,0,0,0
2630,QIRYAT GAT,9,0,0,0,1,0,0,0,0,0,0,0,0
1280,NIZZANE SINAY,1,0,0,0,2,0,0,0,0,0,0,0,0
9600,QIRYAT YAM,8,0,3,1,3,0,0,0,0,0,0,0,0
7100,ASHQELON,2,0,10,156,167,50,1,1,0,0,0,0,0
3751,MIGDALIM,1,0,0,0,4,0,0,0,0,0,0,0,0
2800,QIRYAT SHEMONA,3,0,0,28,122,100,1,0,0,1,0,0,0
8500,RAMLA,15,0,0,0,0,1,1,0,0,0,0,0,0
2660,YAVNE,2,0,0,13,18,11,2,0,0,0,0,0,0
6600,HOLON,9,0,2,6,5,1,0,0,0,0,0,0,0
2400,OR YEHUDA,11,0,0,0,1,0,0,0,0,0,0,0,0
2500,NESHER,2,0,12,21,34,2,0,0,0,0,0,0,0
9000,BE'ER SHEVA,6,0,2,1,26,16,0,0,0,0,0,0,0
6800,QIRYAT ATTA,7,0,0,2,10,0,0,0,0,0,0,0,0
9600,QIRYAT YAM,2,0,19,45,67,3,0,0,0,0,0,0,0
469,QIRYAT EQRON,1,0,2,4,16,13,1,0,0,0,0,0,0
6800,QIRYAT ATTA,1,0,55,50,58,9,1,1,0,1,0,0,0
2630,QIRYAT GAT,6,0,0,3,2,0,0,0,0,0,0,0,0
1034,QIRYAT MAL'AKHI,0,0,0,0,0,1,0,0,0,0,0,0,0
8300,RISHON LEZIYYON,9,0,0,0,2,0,0,0,0,0,0,0,0
2800,QIRYAT SHEMONA,0,0,0,0,0,5,0,1,0,0,0,0,0
6300,GIV'ATAYIM,1,0,1,10,5,0,0,0,0,0,0,0,0
1034,QIRYAT MAL'AKHI,6,0,0,0,0,2,0,0,0,0,0,0,0
8200,QIRYAT MOTZKIN,4,0,1,2,6,2,0,0,0,0,0,0,0
2400,OR YEHUDA,8,0,0,0,1,0,0,0,0,0,0,0,0
5000,TEL AVIV - YAFO,4,0,2,56,110,34,4,0,0,0,0,0,0
9000,BE'ER SHEVA,3,0,10,314,405,80,1,5,0,0,0,0,0
368,BIRIYYA,1,0,0,0,0,1,0,0,0,0,0,0,0
2200,DIMONA,3,0,21,270,274,69,4,1,0,0,0,0,0
1243,QAZIR,1,0,0,0,3,0,0,0,0,0,0,0,0
8600,RAMAT GAN,10,0,0,0,1,0,0,0,0,0,0,0,0
9000,BE'ER SHEVA,0,0,1,10,55,6,1,1,0,0,0,0,1
6300,GIV'ATAYIM,4,0,1,2,1,0,0,0,0,0,0,0,0
182,EVEN YEHUDA,3,0,0,1,1,0,0,0,0,0,0,0,0
1034,QIRYAT MAL'AKHI,3,0,0,36,36,11,0,0,0,0,0,0,0
7000,LOD,7,0,0,0,2,4,0,0,0,0,0,0,0
9100,NAHARIYYA,8,0,0,0,7,1,0,0,0,0,0,0,0
2200,DIMONA,0,0,0,2,1,7,0,0,0,0,0,0,0
8600,RAMAT GAN,7,0,0,0,1,0,0,0,0,0,0,0,0
7200,NES ZIYYONA,7,0,0,0,0,1,0,0,0,0,0,0,0
6700,TIBERIAS,3,0,0,39,126,33,1,7,0,1,0,0,0
2034,HAZOR HAGELILIT,4,0,0,6,30,0,0,0,0,0,0,0,0
8200,QIRYAT MOTZKIN,13,0,0,0,0,1,0,0,0,0,0,0,0
8200,QIRYAT MOTZKIN,7,0,0,0,2,0,0,0,0,0,0,0,0
6100,BENE BERAQ,3,0,0,26,34,15,0,0,0,0,0,0,0
70,ASHDOD,0,0,0,0,20,7,1,0,0,0,0,0,0
681,GIV'AT SHEMU'EL,2,0,0,1,1,3,0,0,0,0,0,0,0
31,OFAQIM,1,0,13,92,173,27,5,6,3,0,0,0,0
812,SHELOMI,0,0,0,0,1,0,0,0,0,0,0,0,0
28,MAZKERET BATYA,3,0,0,1,6,0,0,0,0,0,0,0,0
2038,BAREQET,0,0,0,8,0,1,0,0,0,0,0,0,0
874,MIGDAL HAEMEQ,0,0,17,89,20,3,0,0,0,0,0,0,0
2640,ROSH HAAYIN,0,0,1,1,3,1,0,0,0,0,0,0,0
7200,NES ZIYYONA,4,0,1,0,9,2,0,0,0,0,0,0,0
4005,HASPIN,1,0,0,0,47,0,0,0,0,0,0,0,0
1061,NOF HAGALIL,14,0,0,0,0,3,0,0,0,0,0,0,0
3647,YAQIR,1,0,0,0,3,0,0,0,0,0,0,0,0
466,BET DAGAN,1,0,2,2,5,1,0,0,0,0,0,0,0
2034,HAZOR HAGELILIT,0,0,0,1,0,0,0,0,0,0,0,0,0
2300,QIRYAT TIV'ON,5,0,0,0,2,0,0,0,0,0,0,0,0
9100,NAHARIYYA,5,0,0,0,2,1,0,0,0,0,0,0,0
48,MENAHEMYA,1,0,0,0,6,0,0,0,0,0,0,0,0
6400,HERZLIYYA,6,0,0,0,1,0,0,0,0,0,0,0,0
466,BET DAGAN,4,0,0,3,3,1,0,0,0,0,0,0,0
9100,NAHARIYYA,2,0,5,85,43,10,0,0,0,0,0,0,0
2034,HAZOR HAGELILIT,3,0,0,6,40,7,0,0,0,0,0,0,0
3570,ARI'EL,2,0,0,0,9,5,0,0,0,0,0,0,0
1231,PERI GAN,0,0,0,0,2,0,0,0,0,0,0,0,0
168,KEFAR YONA,3,0,0,2,3,2,0,0,0,0,0,0,0
1247,HARISH,9,0,0,0,0,1,0,0,0,0,0,0,0
7300,NAZARETH,1,0,0,0,5,4,0,0,0,0,0,0,0
3608,MA'ALE EFRAYIM,1,0,1,2,2,16,0,0,0,0,0,0,0
2660,YAVNE,7,0,0,0,0,0,1,0,0,0,0,0,0
3653,MA'ALE AMOS,0,0,0,0,2,0,0,0,0,0,0,0,0
99,MIZPE RAMON,0,0,0,3,0,3,0,0,0,0,0,0,0
1020,OR AQIVA,0,0,3,0,0,1,0,0,0,0,0,0,0
2650,RAMAT HASHARON,11,0,0,0,0,1,0,0,0,0,0,0,0
168,KEFAR YONA,0,0,1,0,3,0,0,0,0,0,0,0,0
4000,HAIFA,15,0,0,0,0,2,0,0,0,0,0,0,0
1151,PARAN,1,0,0,0,2,0,0,0,0,0,0,0,0
4000,HAIFA,9,0,1,2,2,3,1,0,0,0,0,0,0
2630,QIRYAT GAT,7,0,0,0,6,2,0,0,0,0,0,0,0
1020,OR AQIVA,6,0,0,0,0,1,0,0,0,0,0,0,0
1247,HARISH,3,0,0,0,1,1,0,0,0,0,0,0,0
2600,ELAT,19,0,0,0,1,0,0,0,0,0,0,0,0
7300,NAZARETH,4,0,0,0,3,2,0,0,0,0,0,0,0
2660,YAVNE,4,0,0,11,21,5,2,0,0,0,0,0,0
2650,RAMAT HASHARON,8,0,0,0,0,1,0,0,0,0,0,0,0
2660,YAVNE,1,0,18,22,22,11,8,0,0,0,0,0,0
4000,HAIFA,12,0,0,0,0,2,0,0,0,0,0,0,0
8200,QIRYAT MOTZKIN,1,0,4,7,21,2,0,0,0,0,0,0,0
1020,OR AQIVA,3,0,1,27,39,4,0,0,0,0,0,0,0
99,MIZPE RAMON,3,0,0,19,59,23,2,0,0,0,0,0,0
3652,BET ARYE-OFARIM,1,0,0,0,2,0,0,0,0,0,0,0,0
2630,QIRYAT GAT,4,0,0,117,142,26,0,0,0,0,0,0,0
2630,QIRYAT GAT,10,0,0,0,2,1,0,0,0,0,0,0,0
4000,HAIFA,6,0,0,3,26,4,1,0,0,0,0,0,0
9500,QIRYAT BIALIK,3,0,16,36,27,1,1,0,0,0,0,0,0
65,MIGDAL,1,0,1,1,2,0,0,0,0,0,0,0,0
7400,NETANYA,9,0,0,1,0,1,0,0,0,0,0,0,0
8600,RAMAT GAN,1,0,23,52,38,15,2,0,0,0,0,0,0
2560,ARAD,3,0,6,30,40,5,0,0,0,0,0,0,0
3611,QIRYAT ARBA,0,0,0,0,2,1,0,0,0,0,0,0,0
7200,NES ZIYYONA,1,0,16,9,22,19,0,0,0,0,0,0,0
7800,PARDES HANNA-KARKUR,0,0,0,0,1,0,0,0,0,0,0,0,0
240,YOQNE'AM ILLIT,0,0,0,0,0,3,0,0,0,0,0,0,0
565,AZOR,8,0,0,0,0,1,0,0,0,0,0,0,0
#N/A,Hebron,0,0,0,0,0,1,1,0,0,0,0,0,0
8500,RAMLA,8,0,0,0,3,1,0,0,0,0,0,0,0
7800,PARDES HANNA-KARKUR,6,0,0,0,1,0,0,0,0,0,0,0,0
2400,OR YEHUDA,10,0,0,0,0,1,0,0,0,0,0,0,0
3557,QEDUMIM,1,0,0,0,2,0,0,0,0,0,0,0,0
7700,AFULA,8,0,0,4,8,0,0,1,0,0,0,0,0
6900,KEFAR SAVA,3,0,1,14,25,12,0,0,0,0,0,0,0
9000,BE'ER SHEVA,5,0,1,6,39,21,0,0,0,0,0,0,0
2400,OR YEHUDA,4,0,0,7,14,3,1,0,0,0,0,0,0
26,ROSH PINNA,0,0,0,1,0,0,0,0,0,0,0,0,0
3579,ELON MORE,3,0,0,0,1,0,0,0,0,0,0,0,0
48,MENAHEMYA,2,0,0,0,6,0,0,0,0,0,0,0,0
2660,YAVNE,3,0,0,14,28,5,4,0,0,0,0,0,0
3570,ARI'EL,3,0,0,0,11,3,0,0,0,0,0,0,0
2660,YAVNE,0,0,0,0,4,1,0,0,0,0,0,0,0
4000,HAIFA,11,0,0,0,1,2,0,0,0,0,0,0,0
8300,RISHON LEZIYYON,4,0,1,16,37,19,1,0,0,0,0,0,0
4000,HAIFA,5,0,0,11,17,11,0,0,0,0,0,0,0
1061,NOF HAGALIL,7,0,0,13,25,7,0,0,0,0,0,0,0
9100,NAHARIYYA,3,0,2,26,54,8,1,0,0,0,0,0,0
1247,HARISH,2,0,0,0,2,2,0,0,0,0,0,0,0
4100,QAZRIN,2,0,0,9,20,5,0,0,0,0,0,0,0
3640,QARNE SHOMERON,2,0,0,0,23,6,0,0,0,0,0,0,0
8300,RISHON LEZIYYON,10,0,0,0,1,0,0,0,0,0,0,0,0
1034,QIRYAT MAL'AKHI,1,0,0,29,40,8,0,0,0,0,0,0,0
8300,RISHON LEZIYYON,7,0,0,1,3,1,1,0,0,0,0,0,0
9100,NAHARIYYA,6,0,0,0,5,2,0,0,0,0,0,0,0
4000,HAIFA,8,0,9,3,10,8,2,0,0,0,0,0,0
9000,BE'ER SHEVA,1,0,162,429,712,185,42,14,3,0,0,0,0
7200,NES ZIYYONA,5,0,0,0,1,0,0,0,0,0,0,0,0
2650,RAMAT HASHARON,15,0,0,0,0,1,0,0,0,0,0,0,0
182,EVEN YEHUDA,2,0,0,1,1,0,0,0,0,0,0,0,0
3723,PENE HEVER,0,0,0,0,3,0,0,0,0,0,0,0,0
1139,KARMI'EL,,0,0,1,0,0,0,0,0,0,0,0,0
1061,NOF HAGALIL,16,0,0,0,0,1,0,0,0,0,0,0,0
922,REKHASIM,4,0,0,0,2,0,0,0,0,0,0,0,0
168,KEFAR YONA,4,0,0,0,0,1,0,0,0,0,0,0,0
8200,QIRYAT MOTZKIN,2,0,3,3,14,2,1,0,0,0,0,0,0
7800,PARDES HANNA-KARKUR,4,0,0,1,5,1,1,0,0,0,0,0,0
9200,BET SHE'AN,1,0,5,35,68,73,6,2,1,2,0,0,0
2400,OR YEHUDA,6,0,0,0,0,1,0,0,0,0,0,0,0
2630,QIRYAT GAT,11,0,0,0,1,1,0,0,0,0,0,0,0
2620,QIRYAT ONO,1,0,2,9,9,8,1,0,0,0,0,0,0
7200,NES ZIYYONA,2,0,1,6,11,8,1,0,0,0,0,0,0
2650,RAMAT HASHARON,18,0,0,0,0,1,0,0,0,0,0,0,0
9300,ZIKHRON YA'AQOV,1,0,7,16,12,3,2,0,0,0,0,0,0
8200,QIRYAT MOTZKIN,5,0,1,0,1,0,0,0,0,0,0,0,0
922,REKHASIM,1,0,7,7,4,2,0,0,0,0,0,0,0
2650,RAMAT HASHARON,12,0,0,0,0,1,0,0,0,0,0,0,0
6600,HOLON,11,0,0,0,0,1,0,0,0,0,0,0,0
2630,QIRYAT GAT,14,0,0,0,0,1,0,0,0,0,0,0,0
4000,HAIFA,2,0,13,102,122,47,2,0,0,0,0,0,0
2400,OR YEHUDA,3,0,0,16,23,2,1,0,0,0,0,0,0
2620,QIRYAT ONO,4,0,1,0,6,3,1,0,0,0,0,0,0
6500,HADERA,6,0,0,0,2,0,0,0,0,0,0,0,0
2630,QIRYAT GAT,16,0,0,0,0,1,0,0,0,0,0,0,0
2300,QIRYAT TIV'ON,1,0,9,18,11,1,0,0,0,0,0,0,0
3797,MODI'IN ILLIT,4,0,0,0,0,1,0,0,0,0,0,0,0
1031,SEDEROT,2,0,0,26,90,27,4,1,0,0,0,0,0
3616,MA'ALE ADUMMIM,3,0,0,0,6,0,0,0,0,0,0,0,0
9700,HOD HASHARON,2,0,0,9,13,9,0,0,0,0,0,0,0
9600,QIRYAT YAM,12,0,0,0,1,0,0,0,0,0,0,0,0
2500,NESHER,9,0,0,0,1,0,0,0,0,0,0,0,0
9300,ZIKHRON YA'AQOV,3,0,2,4,8,3,0,0,0,0,0,0,0
831,YEROHAM,4,0,0,4,20,3,0,0,0,0,0,0,0
7100,ASHQELON,15,0,0,0,1,0,0,0,0,0,0,0,0
9200,BET SHE'AN,6,0,0,0,0,1,0,0,0,0,0,0,0
6900,KEFAR SAVA,6,0,0,1,0,1,0,0,0,0,0,0,0
7100,ASHQELON,9,0,0,2,2,0,0,0,0,0,0,0,0
6200,BAT YAM,5,0,0,0,8,5,0,0,0,0,0,0,0
99,MIZPE RAMON,1,0,1,38,76,31,1,0,0,0,0,0,0
6500,HADERA,3,0,5,14,53,9,1,0,0,0,0,0,0
9200,BET SHE'AN,0,0,2,3,3,3,1,1,0,0,0,0,0
6500,HADERA,9,0,0,0,0,1,0,0,0,0,0,0,0
4009,SHA'AL,1,0,0,0,1,0,0,0,0,0,0,0,0
2400,OR YEHUDA,1,0,21,13,27,15,1,1,0,0,0,0,0
53,ATLIT,4,0,0,0,5,0,0,0,0,0,0,0,0
7000,LOD,0,0,0,0,0,1,0,0,0,0,0,0,0
9100,NAHARIYYA,1,0,9,54,50,18,4,1,0,0,0,0,0
6400,HERZLIYYA,5,0,0,0,0,1,0,0,0,0,0,0,0
43,METULA,3,0,0,0,0,1,0,0,0,0,0,0,0
246,NETIVOT,6,0,0,0,0,1,0,0,0,0,0,0,0
8300,RISHON LEZIYYON,2,0,0,40,79,32,3,0,0,0,0,0,0
9800,BINYAMINA-GIV'AT ADA,0,0,0,0,1,0,0,0,0,0,0,0,0
1061,NOF HAGALIL,5,0,3,39,33,5,0,0,0,0,0,0,0
9200,BET SHE'AN,9,0,0,0,0,6,0,0,0,0,0,0,0
99,MIZPE RAMON,4,0,0,7,27,13,0,0,0,0,0,0,0
5000,TEL AVIV - YAFO,14,0,0,0,0,1,0,0,0,0,0,0,0
7400,NETANYA,8,0,0,1,10,7,1,0,0,0,0,0,0
8600,RAMAT GAN,0,0,1,5,2,0,0,0,0,0,0,0,0
6400,HERZLIYYA,2,0,11,32,52,5,2,0,0,0,0,0,0
1066,BENE AYISH,1,0,0,2,2,0,1,1,0,0,0,0,0
1063,MA'ALOT-TARSHIHA,7,0,0,0,4,1,0,0,0,0,0,0,0
#N/A,NEVE ZOHAR,2,0,0,1,0,0,0,0,0,0,0,0,0
2100,TIRAT KARMEL,4,0,3,12,41,8,0,0,0,0,0,0,0
1061,NOF HAGALIL,2,0,12,178,179,21,0,4,0,0,0,0,0
3727,ALE ZAHAV,1,0,0,0,1,0,0,0,0,0,0,0,0
9800,BINYAMINA-GIV'AT ADA,3,0,0,3,5,0,0,0,0,0,0,0,0
7900,PETAH TIQWA,20,0,0,0,0,1,0,0,0,0,0,0,0
9600,QIRYAT YAM,6,0,1,2,3,2,1,0,0,0,0,0,0
2660,YAVNE,6,0,0,0,1,3,0,0,0,0,0,0,0
4000,HAIFA,14,0,0,0,1,3,0,0,0,0,0,0,0
6600,HOLON,7,0,1,7,3,0,0,0,0,0,0,0,0
2630,QIRYAT GAT,2,0,0,160,134,39,1,0,0,0,0,0,0
3579,ELON MORE,1,0,0,0,37,1,0,0,0,0,0,0,0
#N/A,YETAV,0,0,0,0,0,3,0,0,0,0,0,0,0
3574,BET EL,2,0,0,0,8,3,0,0,0,0,0,0,0
8600,RAMAT GAN,3,0,3,30,21,2,1,0,0,0,0,0,0
9400,YEHUD,3,0,1,8,18,6,0,0,0,0,0,0,0
#N/A,EFRATA,1,0,0,0,0,0,0,1,0,0,0,0,0
2400,OR YEHUDA,12,0,0,0,0,1,0,0,0,0,0,0,0
6800,QIRYAT ATTA,6,0,0,5,14,5,0,0,0,0,0,0,0
9000,BE'ER SHEVA,7,0,1,3,20,15,0,0,0,0,0,0,0
9100,NAHARIYYA,7,0,0,0,6,2,0,0,0,0,0,0,0
48,MENAHEMYA,3,0,0,0,2,0,0,0,0,0,0,0,0
3641,SHILO,1,0,0,0,7,0,0,0,0,0,0,0,0
8600,RAMAT GAN,6,0,0,0,1,1,0,0,0,0,0,0,0
3793,AVNE HEFEZ,3,0,0,0,1,0,0,0,0,0,0,0,0
9400,YEHUD,0,0,1,1,3,0,0,0,0,0,0,0,0
3608,MA'ALE EFRAYIM,2,0,0,0,11,0,0,0,0,0,0,0,0
6300,GIV'ATAYIM,0,0,1,1,0,0,0,0,0,0,0,0,0
6800,QIRYAT ATTA,3,0,14,42,54,11,2,0,0,0,0,0,0
2400,OR YEHUDA,15,0,0,0,1,0,0,0,0,0,0,0,0
9000,BE'ER SHEVA,4,0,5,213,327,94,1,1,0,0,0,0,0
9100,NAHARIYYA,4,0,0,6,20,5,0,0,0,0,0,0,0
8600,RAMAT GAN,9,0,0,0,0,1,0,0,0,0,0,0,0
6400,HERZLIYYA,1,0,59,42,59,27,1,0,0,0,0,0,0
2400,OR YEHUDA,5,0,0,0,1,0,0,0,0,0,0,0,0
2620,QIRYAT ONO,2,0,0,0,15,4,0,0,0,0,0,0,0
6500,HADERA,7,0,0,0,3,4,0,0,0,0,0,0,0
246,NETIVOT,2,0,13,38,50,37,1,0,0,0,0,0,0
466,BET DAGAN,3,0,0,4,4,3,0,0,0,0,0,0,0
7000,LOD,4,0,0,41,95,13,0,0,0,0,0,0,0
7600,AKKO,6,0,0,2,11,2,0,0,0,0,0,0,0
7600,AKKO,0,0,0,1,0,0,0,0,0,0,0,0,0
246,NETIVOT,8,0,0,0,0,1,0,0,0,0,0,0,0
8000,ZEFAT,11,0,0,0,3,0,0,0,0,0,0,0,0
8000,ZEFAT,5,0,0,19,33,5,0,0,0,0,0,0,0
2650,RAMAT HASHARON,3,0,0,5,16,2,0,0,0,0,0,0,0
53,ATLIT,3,0,0,0,15,1,0,1,0,0,0,0,0
7700,AFULA,0,0,2,4,6,1,0,0,0,0,0,0,0
4005,HASPIN,0,0,0,0,9,0,0,0,0,0,0,0,0
7000,LOD,1,0,15,84,132,48,4,0,0,0,0,0,0
2034,HAZOR HAGELILIT,1,0,11,15,35,11,1,0,0,1,0,0,0
3604,ALLON SHEVUT,1,0,0,2,4,0,0,0,0,0,0,0,0
3652,BET ARYE-OFARIM,2,0,0,0,0,4,0,0,0,0,0,0,0
6100,BENE BERAQ,6,0,0,0,1,0,0,0,0,0,0,0,0
2100,TIRAT KARMEL,2,0,10,66,68,15,0,0,0,0,0,0,0
246,NETIVOT,5,0,0,0,0,4,0,0,0,0,0,0,0
7600,AKKO,3,0,2,71,80,20,0,0,0,0,0,0,0
31,OFAQIM,4,0,0,38,23,16,2,0,0,0,0,0,0
922,REKHASIM,3,0,0,1,1,2,0,0,0,0,0,0,0
9800,BINYAMINA-GIV'AT ADA,1,0,2,11,18,6,2,0,0,0,0,0,0
8000,ZEFAT,8,0,0,5,20,3,0,0,0,0,0,0,0
2650,RAMAT HASHARON,6,0,0,0,2,1,0,0,0,0,0,0,0
1020,OR AQIVA,1,0,16,37,43,13,2,0,0,0,0,0,0
2600,ELAT,8,0,0,0,1,3,0,0,0,0,0,0,0
2650,RAMAT HASHARON,0,0,0,0,0,1,0,0,0,0,0,0,0
6700,TIBERIAS,6,0,0,0,18,6,0,0,0,0,0,0,0
565,AZOR,6,0,0,0,1,0,0,0,0,0,0,0,0
8500,RAMLA,6,0,1,0,5,2,0,0,0,0,0,0,0
1191,BAR YOHAY,1,0,0,0,1,0,0,2,0,0,0,0,0
2650,RAMAT HASHARON,9,0,0,0,0,1,0,0,0,0,0,0,0
3000,JERUSALEM,6,0,1,5,18,17,1,0,0,0,0,0,0
3603,HAR GILLO,1,0,0,0,1,0,0,0,0,0,0,0,0
2300,QIRYAT TIV'ON,3,0,0,3,1,3,0,0,0,0,0,0,0
9500,QIRYAT BIALIK,1,0,27,52,32,9,0,0,0,0,0,0,0
6200,BAT YAM,6,0,0,1,6,1,0,0,0,0,0,0,0
9500,QIRYAT BIALIK,4,0,1,10,11,1,0,0,0,0,0,0,0
2610,BET SHEMESH,6,0,0,0,19,0,0,0,0,0,0,0,0
3611,QIRYAT ARBA,5,0,0,0,7,4,0,0,0,0,0,0,0
565,AZOR,3,0,0,3,6,2,0,0,0,0,0,0,0
7900,PETAH TIQWA,1,0,24,49,123,48,6,2,0,0,0,0,0
8500,RAMLA,3,0,0,39,78,15,0,0,0,0,0,0,0
7800,PARDES HANNA-KARKUR,1,0,18,45,100,12,3,5,0,0,0,0,0
831,YEROHAM,2,0,0,45,83,9,0,0,0,0,0,0,0
3000,JERUSALEM,9,0,0,0,12,2,1,0,0,0,0,0,0
3000,JERUSALEM,3,0,6,53,186,80,7,1,0,0,0,0,0
8500,RAMLA,0,0,0,0,0,2,0,0,0,0,0,0,0
168,KEFAR YONA,1,0,2,5,25,11,1,1,0,0,0,0,0
2620,QIRYAT ONO,3,0,1,2,13,6,1,0,0,0,0,0,0
1063,MA'ALOT-TARSHIHA,1,0,8,54,40,14,2,1,0,0,0,0,0
8600,RAMAT GAN,4,0,0,3,7,0,0,0,0,0,0,0,0
2560,ARAD,0,0,0,2,3,0,0,0,0,0,0,0,0
1292,JUDEIDE-MAKER,2,0,0,0,12,18,0,0,0,0,0,0,0
9000,BE'ER SHEVA,2,0,56,345,345,108,11,3,0,0,0,0,0
154,TEL MOND,2,0,0,2,5,2,0,0,0,0,0,0,0
7400,NETANYA,6,0,0,1,17,8,1,0,0,0,0,0,0
182,EVEN YEHUDA,1,0,0,3,5,1,0,0,0,0,0,0,0
8400,REHOVOT,2,0,0,29,49,12,0,0,0,0,0,0,0
3611,QIRYAT ARBA,3,0,0,0,44,9,0,0,0,0,0,0,0
3793,AVNE HEFEZ,1,0,0,2,0,0,0,0,0,0,0,0,0
2650,RAMAT HASHARON,14,0,0,0,0,1,0,0,0,0,0,0,0
1024,HARUZIM,1,0,2,3,1,0,0,0,0,0,0,0,0
8500,RAMLA,5,0,0,0,3,3,0,0,0,0,0,0,0
3000,JERUSALEM,11,0,0,0,1,1,0,0,0,0,0,0,0
2620,QIRYAT ONO,0,0,0,0,1,0,0,0,0,0,0,0,0
7800,PARDES HANNA-KARKUR,3,0,7,22,35,2,2,0,0,0,0,0,0
681,GIV'AT SHEMU'EL,5,0,0,1,3,0,0,0,0,0,0,0,0
2400,OR YEHUDA,7,0,0,0,2,0,0,0,0,0,0,0,0
9500,QIRYAT BIALIK,6,0,0,0,2,2,0,0,0,0,0,0,0
8000,ZEFAT,0,0,0,4,7,3,0,0,0,0,0,0,0
8300,RISHON LEZIYYON,11,0,0,0,0,1,0,0,0,0,0,0,0
5000,TEL AVIV - YAFO,0,0,13,42,28,17,5,2,0,0,0,0,1
2034,HAZOR HAGELILIT,6,0,0,1,1,0,0,0,0,0,0,0,0
9700,HOD HASHARON,3,0,0,9,10,5,1,0,0,0,0,0,0
1150,ZOFAR,1,0,0,0,1,0,0,0,0,0,0,0,0
122,RAMAT YISHAY,2,0,0,0,1,0,0,0,0,0,0,0,0
7000,LOD,6,0,0,0,3,1,0,0,0,0,0,0,0
7900,PETAH TIQWA,15,0,0,0,0,1,0,0,0,0,0,0,0
7900,PETAH TIQWA,9,0,0,0,1,0,0,0,0,0,0,0,0
6100,BENE BERAQ,1,0,24,34,44,29,1,0,0,0,0,0,0
874,MIGDAL HAEMEQ,6,0,0,0,3,3,0,0,0,0,0,0,0
3619,RO'I,1,0,0,0,1,0,0,0,0,0,0,0,0
8300,RISHON LEZIYYON,8,0,0,0,3,0,0,0,0,0,0,0,0
9600,QIRYAT YAM,1,0,28,56,82,15,0,0,0,0,0,0,0
8000,ZEFAT,3,0,3,31,40,8,0,0,0,0,0,0,0
3579,ELON MORE,2,0,0,0,21,3,0,0,0,0,0,0,0
2100,TIRAT KARMEL,10,0,0,0,0,1,1,0,0,0,0,0,0
9600,QIRYAT YAM,4,0,10,19,48,2,1,0,0,0,0,0,0
7000,LOD,3,0,0,66,97,12,0,0,0,0,0,0,0
3797,MODI'IN ILLIT,0,0,0,0,0,1,0,0,0,0,0,0,0
6100,BENE BERAQ,4,0,1,20,20,6,0,0,0,0,0,0,0
7900,PETAH TIQWA,12,0,0,0,0,1,0,0,0,0,0,0,0
6900,KEFAR SAVA,0,0,0,0,4,4,0,0,0,0,0,0,0
3604,ALLON SHEVUT,2,0,0,0,5,1,0,0,0,0,0,0,0
9700,HOD HASHARON,0,0,0,2,2,1,0,0,0,0,0,0,0
8300,RISHON LEZIYYON,5,0,0,0,12,4,0,0,0,0,0,0,0
3560,ELQANA,1,0,0,0,5,17,6,0,0,0,0,0,0
8000,ZEFAT,6,0,0,19,24,6,0,0,0,0,0,0,0
#N/A,HALMISH,1,0,0,0,4,0,0,0,0,0,0,0,0
53,ATLIT,1,0,2,11,32,0,0,0,0,0,0,0,0
2034,HAZOR HAGELILIT,7,0,0,2,0,0,0,0,0,0,0,0,0
5000,TEL AVIV - YAFO,1,0,68,198,261,103,16,4,0,0,0,0,0
229,GANNE TIQWA,3,0,0,0,9,1,1,0,0,0,0,0,0
7600,AKKO,9,0,0,0,0,3,0,0,0,0,0,0,0
6100,BENE BERAQ,0,0,0,1,3,4,1,0,0,0,0,0,0
3730,GIV'AT ZE'EV,2,0,0,0,1,0,0,0,0,0,0,0,0
70,ASHDOD,3,0,5,155,110,27,2,0,0,0,0,0,0
195,QADIMA-ZORAN,1,0,2,10,9,7,1,1,0,0,0,0,0
6700,TIBERIAS,0,0,0,19,0,2,0,0,0,0,0,0,0
8000,ZEFAT,2,0,3,56,43,14,0,0,0,0,0,0,0
874,MIGDAL HAEMEQ,3,0,0,38,120,31,0,1,0,0,0,0,0
1139,KARMI'EL,3,0,0,33,99,6,2,0,0,0,0,0,0
2560,ARAD,1,0,9,32,70,4,0,0,0,0,0,0,0
1291,KEMEHIN,0,0,0,0,3,0,0,0,0,0,0,0,0
1020,OR AQIVA,7,0,0,0,0,1,0,0,0,0,0,0,0
70,ASHDOD,6,0,0,0,18,29,8,0,0,0,0,0,0
8400,REHOVOT,5,0,0,0,4,0,1,0,0,0,0,0,0
8400,REHOVOT,14,0,0,0,0,1,0,0,0,0,0,0,0
2660,YAVNE,5,0,0,0,3,2,0,0,0,0,0,0,0
4000,HAIFA,13,0,0,0,0,1,0,0,0,0,0,0,0
8400,REHOVOT,8,0,0,0,0,2,0,0,0,0,0,0,0
3000,JERUSALEM,0,0,32,82,82,56,7,2,0,1,0,0,0
4100,QAZRIN,0,0,11,8,55,26,0,0,0,0,0,0,0
2610,BET SHEMESH,0,0,0,0,10,9,2,0,0,0,0,0,0
2640,ROSH HAAYIN,6,0,0,0,1,0,1,0,0,0,0,0,0
8500,RAMLA,9,0,0,0,3,1,0,0,0,0,0,0,0
1020,OR AQIVA,4,0,0,0,18,1,0,0,0,0,0,0,0
4000,HAIFA,19,0,0,0,0,1,0,0,0,0,0,0,0
7300,NAZARETH,2,0,0,0,8,1,0,0,0,0,0,0,0
2560,ARAD,4,0,6,74,48,4,0,0,0,0,0,0,0
4000,HAIFA,10,0,0,0,1,1,0,0,0,0,0,0,0
8400,REHOVOT,11,0,0,0,0,1,0,0,0,0,0,0,0
1235,SHORASHIM,0,0,0,0,1,0,0,0,0,0,0,0,0
2630,QIRYAT GAT,0,0,0,1,15,3,1,0,0,0,0,0,0
4100,QAZRIN,3,0,0,0,33,9,0,0,0,0,0,0,0
2610,BET SHEMESH,3,0,0,32,69,9,1,0,0,0,0,0,0
2640,ROSH HAAYIN,3,0,0,2,10,3,0,0,0,0,0,0,0
1139,KARMI'EL,6,0,0,2,10,6,0,0,0,0,0,0,0
1311,AVSHALOM,1,0,0,0,1,0,0,0,0,0,0,0,0
246,NETIVOT,4,0,1,6,38,24,0,0,0,0,0,0,0
3569,MEVO DOTAN,1,0,0,0,1,0,0,0,0,0,0,0,0
6400,HERZLIYYA,3,0,2,10,19,5,5,0,0,0,0,0,0
4000,HAIFA,18,0,0,0,0,1,0,0,0,0,0,0,0
2300,QIRYAT TIV'ON,2,0,3,5,8,2,0,0,0,0,0,0,0
#N/A,EDEN,0,0,0,0,6,0,0,0,0,0,0,0,0
166,GAN YAVNE,1,0,1,7,6,0,1,0,0,0,0,0,0
1219,GORNOT HAGALIL,0,0,0,0,0,1,0,0,0,0,0,0,0
6300,GIV'ATAYIM,3,0,0,2,7,0,0,0,0,0,0,0,0
31,OFAQIM,3,0,0,107,142,72,2,1,0,0,0,0,0
7300,NAZARETH,7,0,0,0,0,1,0,0,0,0,0,0,0
28,MAZKERET BATYA,1,0,0,4,5,4,0,0,0,0,0,0,0
6400,HERZLIYYA,0,0,3,1,0,0,0,0,0,0,0,0,0
812,SHELOMI,2,0,0,3,33,15,1,0,0,0,0,0,0
2200,DIMONA,5,0,0,3,42,2,0,0,0,0,0,0,0
9800,BINYAMINA-GIV'AT ADA,2,0,0,9,7,3,0,0,0,0,0,0,0
2610,BET SHEMESH,2,0,5,42,100,24,4,0,0,0,0,0,0
246,NETIVOT,1,0,7,26,50,27,2,1,0,0,0,0,0
8800,SHEFAR'AM,1,0,0,9,0,0,0,0,0,0,0,0,0
7600,AKKO,7,0,0,2,18,2,0,0,0,0,0,0,0
1173,LAPPIDOT,0,0,0,0,2,0,0,0,0,0,0,0,0
1191,BAR YOHAY,0,0,0,0,3,0,0,0,0,0,0,0,0
1176,SAPPIR,1,0,0,0,4,4,0,0,0,0,0,0,0
246,NETIVOT,7,0,0,0,0,2,0,0,0,0,0,0,0
1061,NOF HAGALIL,0,0,0,5,10,0,0,0,0,0,0,0,0
70,ASHDOD,1,0,32,220,154,47,5,0,0,0,0,0,0
28,MAZKERET BATYA,4,0,0,0,1,0,0,0,0,0,0,0,0
2200,DIMONA,2,0,28,265,244,49,1,2,0,0,0,0,0
31,OFAQIM,0,0,0,2,6,0,0,0,0,0,0,0,0
2610,BET SHEMESH,5,0,0,0,13,3,0,0,0,0,0,0,0
1015,MEVASSERET ZIYYON,1,0,0,5,1,0,1,0,0,0,0,0,0
2800,QIRYAT SHEMONA,8,0,0,0,3,11,0,0,0,0,0,0,0
6700,TIBERIAS,5,0,0,0,31,5,0,1,0,0,0,0,0
8700,RA'ANNANA,2,0,1,2,16,4,0,0,0,0,0,0,0
9400,YEHUD,1,0,5,24,20,5,0,1,0,0,0,0,0
9400,YEHUD,7,0,0,0,1,0,0,0,0,0,0,0,0
9000,BE'ER SHEVA,14,0,0,0,0,1,0,0,0,0,0,0,0
1031,SEDEROT,1,0,2,64,104,22,3,0,0,0,0,0,0
6500,HADERA,4,0,0,2,20,8,0,0,0,0,0,0,0
9000,BE'ER SHEVA,11,0,0,0,1,4,0,0,0,0,0,0,0
1309,EL'AD,0,0,0,0,0,3,2,0,0,0,0,0,0
2630,QIRYAT GAT,1,0,9,122,112,47,6,1,0,0,0,0,0
6600,HOLON,4,0,9,21,27,10,0,0,0,0,0,0,0
2650,RAMAT HASHARON,5,0,0,0,0,3,0,0,0,0,0,0,0
2600,ELAT,5,0,0,0,5,0,0,0,0,0,0,0,0
3780,BETAR ILLIT,2,0,0,0,6,2,0,1,0,0,0,0,0
8700,RA'ANNANA,5,0,0,0,1,0,0,0,0,0,0,0,0
9400,YEHUD,4,0,0,3,8,3,2,0,0,0,0,0,0
7100,ASHQELON,4,0,0,97,145,54,1,0,0,0,0,0,0
6700,TIBERIAS,2,0,8,35,163,31,2,3,2,0,0,0,0
1031,SEDEROT,4,0,0,16,53,42,1,0,0,0,0,0,0
9200,BET SHE'AN,8,0,0,0,0,3,0,0,0,0,0,0,0
3572,KEFAR TAPPUAH,1,0,0,0,15,0,0,0,0,0,0,0,0
2650,RAMAT HASHARON,2,0,1,2,11,5,0,0,0,0,0,0,0
6500,HADERA,1,0,51,45,103,19,2,3,0,0,0,0,0
6600,HOLON,1,0,43,88,136,59,4,0,0,0,0,0,0
7100,ASHQELON,7,0,0,0,13,1,0,0,0,0,0,0,0
6700,TIBERIAS,8,0,0,0,13,0,1,0,0,0,0,0,0
2600,ELAT,2,0,0,8,49,9,1,0,0,0,0,0,0
3780,BETAR ILLIT,5,0,0,0,3,0,0,0,0,0,0,0,0
2640,ROSH HAAYIN,5,0,0,0,0,1,0,0,0,0,0,0,0
2530,BE'ER YA'AQOV,2,0,0,2,3,4,1,0,0,0,0,0,0
7100,ASHQELON,1,0,43,194,252,62,9,1,0,0,0,0,0
2640,ROSH HAAYIN,1,0,24,15,19,19,6,0,0,0,0,0,0
1139,KARMI'EL,1,0,12,48,125,13,1,0,0,0,0,0,0
7700,AFULA,1,0,6,86,150,35,1,1,0,0,0,0,0
8200,QIRYAT MOTZKIN,17,0,0,0,0,1,1,0,0,0,0,0,0
1031,SEDEROT,3,0,0,38,114,32,3,0,0,0,0,0,0
3572,KEFAR TAPPUAH,0,0,0,0,1,0,0,0,0,0,0,0,0
8400,REHOVOT,12,0,0,0,0,1,0,0,0,0,0,0,0
3000,JERUSALEM,4,0,10,72,121,57,6,0,0,0,0,0,0
9200,BET SHE'AN,7,0,0,0,0,1,0,0,0,0,0,0,0
6200,BAT YAM,4,0,5,27,47,12,0,0,0,0,0,0,0
6500,HADERA,2,0,0,54,42,11,0,0,0,0,0,0,0
6700,TIBERIAS,7,0,0,0,8,0,0,0,0,0,0,0,0
2640,ROSH HAAYIN,4,0,0,0,2,1,0,0,0,0,0,0,0
2530,BE'ER YA'AQOV,1,0,8,3,8,10,2,0,0,0,0,0,0
1066,BENE AYISH,3,0,0,2,0,0,0,0,0,0,0,0,0
565,AZOR,1,0,0,2,10,2,0,0,0,0,0,0,0
1031,SEDEROT,0,0,0,0,0,1,0,0,0,0,0,0,0
9000,BE'ER SHEVA,12,0,0,0,0,1,0,0,0,0,0,0,0
8400,REHOVOT,9,0,0,0,0,1,0,0,0,0,0,0,0
3000,JERUSALEM,1,0,106,187,243,119,17,1,0,0,0,0,0
6200,BAT YAM,1,0,13,96,141,38,2,0,0,0,0,0,0
9200,BET SHE'AN,4,0,0,0,61,48,0,0,0,0,0,0,0
2610,BET SHEMESH,7,0,0,0,3,0,0,0,0,0,0,0,0
7600,AKKO,8,0,0,0,0,4,0,0,0,0,0,0,0
2100,TIRAT KARMEL,3,0,7,33,30,10,2,0,0,0,0,0,0
#N/A,NEVE ZOHAR,1,0,0,1,3,0,0,0,0,0,0,0,0
831,YEROHAM,3,0,1,47,72,10,0,0,0,0,0,0,0
839,PETAHYA,0,0,0,0,0,0,1,0,0,0,0,0,0
#N/A,EFRATA,0,0,0,0,0,0,1,0,0,0,0,0,0
5000,TEL AVIV - YAFO,10,0,0,0,2,0,0,0,0,0,0,0,0
70,ASHDOD,2,0,5,212,111,34,3,0,0,0,0,0,0
7900,PETAH TIQWA,2,0,1,61,114,28,2,0,0,0,0,0,0
3762,ITAMAR,1,0,0,0,20,0,0,0,0,0,0,0,0
3712,ENAV,1,0,0,0,16,0,0,0,0,0,0,0,0
2550,GEDERA,2,0,0,0,2,1,0,0,0,0,0,0,0
1139,KARMI'EL,7,0,0,0,4,7,0,0,0,0,0,0,0
2100,TIRAT KARMEL,0,0,0,0,0,1,0,0,0,0,0,0,0
831,YEROHAM,0,0,0,2,4,1,0,0,0,0,0,0,0
7600,AKKO,5,0,1,1,10,5,0,0,0,0,0,0,0
2500,NESHER,0,0,0,0,2,3,0,0,0,0,0,0,0
31,OFAQIM,2,0,0,98,136,61,1,1,0,0,0,0,0
5000,TEL AVIV - YAFO,7,0,0,2,14,5,0,0,0,0,0,0,0
6800,QIRYAT ATTA,5,0,0,13,14,4,0,0,0,0,0,0,0
70,ASHDOD,5,0,0,0,24,26,4,0,0,0,0,0,0
5000,TEL AVIV - YAFO,13,0,0,0,0,2,0,0,0,0,0,0,0
1139,KARMI'EL,4,0,0,6,82,5,0,0,0,0,0,0,0
9400,YEHUD,5,0,0,0,1,2,0,0,0,0,0,0,0
2500,NESHER,6,0,0,1,2,1,0,0,0,0,0,0,0
1061,NOF HAGALIL,1,0,7,200,225,10,0,4,0,0,0,0,0
6800,QIRYAT ATTA,8,0,1,3,6,1,0,0,0,0,0,0,0
2500,NESHER,3,0,2,15,23,3,0,0,0,0,0,0,0
469,QIRYAT EQRON,2,0,0,1,9,0,1,0,0,0,0,0,0
2200,DIMONA,1,0,38,289,314,61,9,3,0,1,0,0,0
2610,BET SHEMESH,4,0,0,36,48,18,1,0,0,0,0,0,0
3780,BETAR ILLIT,4,0,0,0,5,0,0,0,0,0,0,0,0
8700,RA'ANNANA,1,0,9,49,42,17,10,3,0,0,0,0,0
9400,YEHUD,2,0,0,4,14,4,3,0,0,0,0,0,0
9400,YEHUD,8,0,0,0,1,0,0,0,0,0,0,0,0
6300,GIV'ATAYIM,2,0,1,3,3,0,0,0,0,0,0,0,0
1061,NOF HAGALIL,4,0,11,75,181,18,0,0,0,0,0,0,0
2200,DIMONA,4,0,1,94,217,48,1,0,0,0,0,0,0
812,SHELOMI,3,0,0,3,31,2,0,0,0,0,0,0,0
8700,RA'ANNANA,4,0,0,7,6,7,0,0,0,0,0,0,0
4304,NOV,1,0,0,0,8,0,0,0,0,0,0,0,0
43,METULA,1,0,0,0,0,2,0,0,0,0,0,0,0
7900,PETAH TIQWA,0,0,0,6,15,5,0,0,0,0,0,0,0
3000,JERUSALEM,8,0,0,0,15,4,0,0,0,0,0,0,0
7900,PETAH TIQWA,6,0,0,0,6,4,0,0,0,0,0,0,0
3000,JERUSALEM,2,0,27,109,231,113,13,0,0,0,0,0,0
7400,NETANYA,3,0,12,42,90,33,1,0,0,0,0,0,0
1067,DOVEV,1,0,0,0,1,0,0,0,0,0,0,0,0
1139,KARMI'EL,5,0,0,0,10,8,0,0,0,0,0,0,0
1054,TEL SHEVA,1,0,0,4,0,0,0,0,0,0,0,0,0
1311,AVSHALOM,0,0,0,0,12,0,0,0,0,0,0,0,0
5000,TEL AVIV - YAFO,12,0,0,0,1,0,0,0,0,0,0,0,0
2560,ARAD,6,0,0,0,3,1,0,0,0,0,0,0,0
8400,REHOVOT,13,0,0,0,0,2,0,0,0,0,0,0,0
1210,KAHAL,0,0,0,0,1,0,0,0,0,0,0,0,0
2800,QIRYAT SHEMONA,5,0,0,1,23,10,0,0,0,0,0,0,0
240,YOQNE'AM ILLIT,3,0,0,15,6,5,0,0,0,0,0,0,0
5000,TEL AVIV - YAFO,9,0,0,0,2,1,0,0,0,0,0,0,0
3000,JERUSALEM,5,0,1,17,45,22,1,1,0,0,0,0,0
9000,BE'ER SHEVA,8,0,0,0,20,14,0,0,0,0,0,0,0
7900,PETAH TIQWA,3,0,0,47,78,21,1,0,0,0,0,0,0
1309,EL'AD,3,0,0,0,1,3,1,0,0,0,0,0,0
2400,OR YEHUDA,13,0,0,0,1,0,0,0,0,0,0,0,0
1139,KARMI'EL,8,0,0,2,3,9,0,0,0,0,0,0,0
9500,QIRYAT BIALIK,0,0,1,0,1,0,0,0,0,0,0,0,0
9600,QIRYAT YAM,7,0,2,1,2,3,0,0,0,0,0,0,0
240,YOQNE'AM ILLIT,6,0,0,0,1,1,0,0,0,0,0,0,0
469,QIRYAT EQRON,3,0,0,2,5,2,0,0,0,0,0,0,0
7700,AFULA,5,0,0,30,36,13,0,0,0,0,0,0,0
7600,AKKO,4,0,0,81,97,8,0,0,0,0,0,0,0
2500,NESHER,1,0,14,33,27,3,0,0,0,0,0,0,0
6200,BAT YAM,0,0,1,3,2,0,0,0,0,0,0,0,0
195,QADIMA-ZORAN,2,0,0,9,6,2,0,0,0,0,0,0,0
469,QIRYAT EQRON,0,0,0,1,0,0,1,0,0,0,0,0,0
46,YAVNE'EL,1,0,0,3,6,1,0,0,0,0,0,0,0
5000,TEL AVIV - YAFO,6,0,0,0,30,14,0,0,0,0,0,0,0
9600,QIRYAT YAM,10,0,0,0,1,1,0,0,0,0,0,0,0
7700,AFULA,2,0,0,66,138,27,1,0,0,0,0,0,0
5000,TEL AVIV - YAFO,3,0,9,98,190,55,7,1,2,0,1,0,0
2500,NESHER,7,0,0,3,2,0,0,0,0,0,0,0,0
7600,AKKO,1,0,22,95,78,21,2,1,0,0,0,0,0
2500,NESHER,4,0,0,10,16,2,0,0,0,0,0,0,0
7400,NETANYA,0,0,1,2,13,7,2,0,0,0,0,0,0
2550,GEDERA,1,0,0,2,5,3,0,0,0,0,0,0,0
6200,BAT YAM,3,0,10,41,79,14,3,0,0,0,0,0,0
3780,BETAR ILLIT,1,0,0,0,6,3,0,0,0,0,0,0,0
2600,ELAT,0,0,0,2,3,5,0,0,0,0,0,0,0
2610,BET SHEMESH,1,0,15,61,104,29,2,1,0,0,0,0,0
7100,ASHQELON,3,0,0,160,179,43,0,0,0,0,0,0,0
2530,BE'ER YA'AQOV,4,0,0,3,3,0,0,0,0,0,0,0,0
2200,DIMONA,7,0,0,0,1,0,0,0,0,0,0,0,0
8200,QIRYAT MOTZKIN,11,0,0,0,0,0,2,0,0,0,0,0,0
9300,ZIKHRON YA'AQOV,4,0,1,6,2,3,0,0,0,0,0,0,0
246,NETIVOT,0,0,0,0,26,16,1,0,0,0,0,0,0
2800,QIRYAT SHEMONA,4,0,0,13,68,31,1,0,0,0,0,0,0
1034,QIRYAT MAL'AKHI,4,0,0,44,24,11,0,0,0,0,0,0,0
1309,EL'AD,4,0,0,0,2,2,0,0,0,0,0,0,0
3609,HAMRA,1,0,0,0,1,0,0,0,0,0,0,0,0
6600,HOLON,8,0,1,8,4,1,0,0,0,0,0,0,0
6600,HOLON,2,0,28,43,104,31,3,0,0,0,0,0,0
6700,TIBERIAS,1,0,13,76,109,43,2,12,4,0,0,1,0
7100,ASHQELON,6,0,0,7,12,4,0,0,0,0,0,0,0
6500,HADERA,8,0,0,0,2,5,0,0,0,0,0,0,0
2650,RAMAT HASHARON,1,0,12,16,34,12,6,0,0,0,0,0,0
2600,ELAT,3,0,0,13,42,4,0,0,0,0,0,0,0
246,NETIVOT,3,0,1,11,36,19,0,0,0,0,0,0,0
6700,TIBERIAS,4,0,0,24,60,7,0,3,0,0,0,0,0
7100,ASHQELON,0,0,0,1,22,12,3,0,0,0,0,0,0
1015,MEVASSERET ZIYYON,2,0,0,1,0,1,0,0,0,0,0,0,0
4015,BENE YEHUDA,1,0,0,0,5,0,0,0,0,0,0,0,0
2800,QIRYAT SHEMONA,1,0,8,18,125,94,3,1,0,7,0,0,0
8200,QIRYAT MOTZKIN,8,0,0,0,0,2,0,0,0,0,0,0,0
8200,QIRYAT MOTZKIN,14,0,0,0,0,1,0,0,0,0,0,0,0
1034,QIRYAT MAL'AKHI,7,0,0,0,0,2,0,0,0,0,0,0,0
2800,QIRYAT SHEMONA,7,0,0,0,5,11,0,0,0,0,0,0,0
6500,HADERA,5,0,0,0,2,1,0,0,0,0,0,0,0
1034,QIRYAT MAL'AKHI,10,0,0,0,0,1,0,0,0,0,0,0,0
1309,EL'AD,1,0,0,0,4,9,0,0,0,0,0,0,0
28,MAZKERET BATYA,2,0,0,1,4,1,0,0,0,0,0,0,0
2600,ELAT,6,0,0,0,2,2,0,0,0,0,0,0,0
6600,HOLON,5,0,1,4,6,12,1,0,0,0,0,0,0
3788,TALMON,1,0,0,0,3,0,0,0,0,0,0,0,0