CityLMSName,Floor,NoRooms,OneRooms,TwoRooms,ThreeRooms,FourRooms,FiveRooms,SixRooms,SevenRooms,EightRooms,NineRooms,TenRooms,MoreRooms,CityLMSName_Translated
קרית ארבע,2.0,0,5,2,39,6,0,0,0,0,0,0,0,Kiryat Arba
גדידה-מכר,3.0,0,0,0,13,0,0,0,0,0,0,0,0,Gadida-Makr
רמת גן,5.0,0,0,0,5,3,0,0,0,0,0,0,0,Ramat Gan
פתח תקוה,19.0,0,0,0,0,1,0,0,0,0,0,0,0,Petah Tikva
עין יהב,1.0,0,0,0,1,0,0,0,0,0,0,0,0,Ein Yahav
מעלות-תרשיחא,2.0,0,3,36,76,7,0,0,0,0,0,0,0,Tarshiha
רחובות,3.0,0,3,13,47,9,3,0,0,0,0,0,0,streets
אור עקיבא,5.0,0,0,0,0,1,1,0,0,0,0,0,0,Or Akiva
לוד,2.0,0,1,75,102,35,0,0,0,0,0,0,0,Lod
אזור,4.0,0,1,0,11,0,0,0,0,0,0,0,0,Area
עפרים,3.0,0,0,0,1,0,0,0,0,0,0,0,0,Efraim
רמלה,4.0,0,0,27,55,7,1,0,0,0,0,0,0,Ramla
גני תקוה,4.0,0,0,0,6,0,0,0,0,0,0,0,0,Ganei Tikva
הוד השרון,1.0,0,7,25,19,26,8,2,0,0,0,0,0,Hod Hasharon
מעלה אדומים,4.0,0,0,0,2,0,0,0,0,0,0,0,0,Ma'ale Adumim
פתח תקוה,13.0,0,0,0,1,0,0,0,0,0,0,0,0,Petah Tikva
רחובות,6.0,0,0,1,6,2,0,0,0,0,0,0,0,streets
גבעת שמואל,4.0,0,0,8,3,0,0,0,0,0,0,0,0,Givat Shmuel
אור עקיבא,2.0,0,9,28,33,1,0,0,0,0,0,0,0,Or Akiva
מצפה רמון,2.0,0,0,24,75,27,3,2,0,0,0,0,0,Mitzpe Ramon
קרית אונו,7.0,0,0,0,1,0,0,0,0,0,0,0,0,Kiryat Ono
רמת גן,8.0,0,0,0,4,0,0,0,0,0,0,0,0,Ramat Gan
עתלית,2.0,0,0,6,18,0,0,0,0,0,0,0,0,Atlit
בני ברק,2.0,0,2,27,45,24,0,0,0,0,0,0,0,Bnei Brak
רמת גן,2.0,0,12,36,19,4,0,0,0,0,0,0,0,Ramat Gan
רחובות,0.0,0,0,1,0,0,0,0,0,0,0,0,0,streets
הוד השרון,4.0,0,0,7,3,0,0,0,0,0,0,0,0,Hod Hasharon
רמלה,1.0,0,17,50,130,23,4,0,0,0,0,0,0,Ramla
מעלות-תרשיחא,5.0,0,0,3,12,0,0,0,0,0,0,0,0,Tarshiha
לוד,5.0,0,0,0,2,3,0,0,0,0,0,0,0,Lod
גני תקוה,1.0,0,7,2,5,1,1,0,0,0,0,0,0,Ganei Tikva
מעלה אדומים,1.0,0,0,0,2,3,0,0,0,0,0,0,0,Ma'ale Adumim
גבעת שמואל,1.0,0,7,3,5,1,0,0,0,0,0,0,0,Givat Shmuel
ביתר עלית,-3.0,0,0,0,0,1,0,0,0,0,0,0,0,Beitar Illit
שקד,1.0,0,0,0,1,0,0,0,0,0,0,0,0,Almond
בת ים,7.0,0,0,1,4,2,0,0,0,0,0,0,0,Bat Yam
סוסיה,1.0,0,0,0,2,0,0,0,0,0,0,0,0,a horse
בת ים,10.0,0,0,0,0,1,0,0,0,0,0,0,0,Bat Yam
אשדוד,8.0,0,0,0,7,3,0,0,0,0,0,0,0,Ashdod
אבני חפץ,2.0,0,0,0,3,0,0,0,0,0,0,0,0,Gems
חצור הגלילית,2.0,0,0,15,47,6,1,1,0,0,0,0,0,Hazor HaGalilit
בני ברק,5.0,0,0,6,9,0,1,0,0,0,0,0,0,Bnei Brak
כפר סבא,1.0,0,4,24,44,9,1,0,0,0,0,0,0,Kfar Saba
צפת,7.0,0,0,13,18,2,0,0,0,0,0,0,0,Zefat
חרמש,1.0,0,0,0,5,0,0,0,0,0,0,0,0,scythe
בית אל,1.0,0,0,0,8,5,0,0,0,0,0,0,0,Bethel
קרית אתא,2.0,0,16,74,62,8,1,1,0,0,0,0,0,Kiryat Ata
מגדל העמק,8.0,0,0,0,0,4,0,0,0,0,0,0,0,Migdal Haemek
צפת,1.0,0,2,37,86,9,1,1,0,0,0,0,0,Zefat
מגדל העמק,2.0,0,1,99,120,19,0,0,0,0,0,0,0,Migdal Haemek
בית דגן,2.0,0,1,2,6,0,0,0,0,0,0,0,0,Beit Dagan
חצור הגלילית,5.0,0,0,1,4,0,0,0,0,0,0,0,0,Hazor HaGalilit
נהריה,0.0,0,0,0,2,2,0,0,0,0,0,0,0,Nahariya
כפר סבא,7.0,0,0,0,1,0,0,0,0,0,0,0,0,Kfar Saba
רמלה,7.0,0,1,0,7,1,0,0,0,0,0,0,0,Ramla
רמת ישי,1.0,0,3,0,5,0,0,0,0,0,0,0,0,Ramat Yishai
מגדל העמק,5.0,0,0,0,1,5,0,0,0,0,0,0,0,Migdal Haemek
ראשון לציון,1.0,0,16,40,107,42,4,0,0,0,0,0,0,Rishon Lezion
כפר סבא,4.0,0,0,1,18,4,0,0,0,0,0,0,0,Kfar Saba
צפת,10.0,0,0,1,6,0,0,0,0,0,0,0,0,Zefat
קרית ים,0.0,0,4,4,1,1,1,1,0,0,0,0,0,Kiryat Yam
צפת,4.0,0,0,28,32,6,0,0,0,0,0,0,0,Zefat
עלי,1.0,0,0,0,32,0,0,0,0,0,0,0,0,pestle
אילת,10.0,0,0,0,0,1,0,0,0,0,0,0,0,Eilat
נוף הגליל,8.0,0,0,4,13,2,0,0,0,0,0,0,0,The view of the Galilee
נתניה,5.0,0,0,3,20,10,1,0,0,0,0,0,0,Netanya
תל מונד,3.0,0,0,0,2,1,0,0,0,0,0,0,0,Tel Mond
יהוד,9.0,0,0,0,0,1,0,0,0,0,0,0,0,Yehud
טירת כרמל,1.0,0,45,90,73,14,0,0,0,0,0,0,0,Tirat Carmel
יקנעם עלית,4.0,0,1,7,6,1,0,0,0,0,0,0,0,Yakneam Alit
עפולה,10.0,0,0,0,3,0,0,0,0,0,0,0,0,Afula
רכסים,2.0,0,0,3,1,3,0,0,0,0,0,0,0,ridges
רמת השרון,7.0,0,0,0,0,2,0,0,0,0,0,0,0,Ramat Hasharon
ראש פנה,2.0,0,0,0,7,0,0,0,0,0,0,0,0,Head turned
פרדס חנה-כרכו,2.0,0,7,20,11,1,1,0,0,0,0,0,0,Pardes Hana
צפת,9.0,0,0,1,15,3,0,0,0,0,0,0,0,Zefat
רמת השרון,13.0,0,0,0,0,2,0,0,0,0,0,0,0,Ramat Hasharon
אילת,7.0,0,0,0,3,2,0,0,0,0,0,0,0,Eilat
קרית ביאליק,2.0,0,38,48,25,3,1,0,0,0,0,0,0,Kiryat Bialik
ביתר עלית,0.0,0,0,0,2,3,1,0,0,0,0,0,0,Beitar Illit
עפולה,4.0,0,2,57,106,14,1,1,0,0,0,0,0,Afula
יקנעם עלית,1.0,0,5,17,9,5,1,0,0,0,0,0,0,Yakneam Alit
מעלה לבונה,1.0,0,0,0,3,0,0,0,0,0,0,0,0,Frankincense
תל אביב -יפו,11.0,0,0,0,1,1,0,0,0,0,0,0,0,Tel Aviv Jaffa
נתניה,2.0,0,13,38,112,32,8,0,0,0,0,0,0,Netanya
רמת השרון,10.0,0,0,0,0,1,0,0,0,0,0,0,0,Ramat Hasharon
עפולה,7.0,0,0,32,21,3,0,0,0,0,0,0,0,Afula
רמת השרון,4.0,0,0,6,4,1,0,0,0,0,0,0,0,Ramat Hasharon
אילת,4.0,0,0,8,27,7,0,0,0,0,0,0,0,Eilat
שדי אברהם,0.0,0,0,0,2,0,0,0,0,0,0,0,0,Abraham's demons
עכו,2.0,0,38,87,74,12,0,0,0,0,0,0,0,Acre
גדידה-מכר,1.0,0,0,10,14,0,0,0,0,0,0,0,0,Gadida-Makr
ארגמן,1.0,0,0,0,1,0,0,0,0,0,0,0,0,crimson
אזור,2.0,0,0,0,9,1,0,0,0,0,0,0,0,Area
קרית ארבע,4.0,0,1,0,21,8,0,0,0,0,0,0,0,Kiryat Arba
ירושלים,10.0,0,0,0,3,1,0,0,0,0,0,0,0,Jerusalem
אריאל,1.0,0,0,8,6,0,0,0,0,0,0,0,0,Ariel
עפרים,1.0,0,0,0,0,2,0,0,0,0,0,0,0,Efraim
פתח תקוה,11.0,0,0,0,0,1,0,0,0,0,0,0,0,Petah Tikva
אשדוד,16.0,0,0,0,0,1,0,0,0,0,0,0,0,Ashdod
פתח תקוה,8.0,0,0,0,3,2,0,0,0,0,0,0,0,Petah Tikva
אלקנה,0.0,0,0,0,0,0,1,0,0,0,0,0,0,Elkana
חריש,0.0,0,0,0,1,0,0,0,0,0,0,0,0,earing
חיפה,3.0,0,25,102,96,33,3,0,0,0,0,0,0,Haifa
בת ים,2.0,0,2,57,96,19,1,0,0,0,0,0,0,Bat Yam
קרית ביאליק,5.0,0,0,0,2,2,0,0,0,0,0,0,0,Kiryat Bialik
קרית ארבע,1.0,0,2,9,30,15,0,0,0,0,0,0,0,Kiryat Arba
אריאל,4.0,0,0,0,4,0,0,0,0,0,0,0,0,Ariel
חיפה,0.0,0,10,30,20,12,2,0,1,0,0,0,0,Haifa
עין שריד,1.0,0,1,1,1,1,0,0,0,0,0,0,0,Ein Sharid
חברון,1.0,0,0,0,0,0,0,0,1,0,0,0,0,Hebron
ירושלים,7.0,0,0,0,16,9,0,0,0,0,0,0,0,Jerusalem
ירושלים,13.0,0,0,0,1,0,0,0,0,0,0,0,0,Jerusalem
פתח תקוה,5.0,0,0,0,6,13,0,0,0,0,0,0,0,Petah Tikva
קרית טבעון,4.0,0,0,0,0,2,0,0,0,0,0,0,0,Kiryat Tiv'on
כלנית,0.0,0,0,0,9,0,0,0,0,0,0,0,0,anemone
קרית ביאליק,8.0,0,0,0,1,3,0,0,0,0,0,0,0,Kiryat Bialik
נשר,12.0,0,0,0,0,1,0,0,0,0,0,0,0,Nesher
מעלות-תרשיחא,4.0,0,0,2,36,5,0,0,0,0,0,0,0,Tarshiha
רמלה,2.0,0,0,43,70,30,3,0,0,0,0,0,0,Ramla
ירוחם,1.0,0,5,63,104,19,8,7,1,0,0,0,0,Yeruham
כפר יונה,2.0,0,0,3,4,4,0,0,0,0,0,0,0,Kfar Yona
בית שאן,3.0,0,0,1,113,105,1,1,0,1,0,0,0,Beit Shean
כחל,,0,0,0,1,0,0,0,0,0,0,0,0,antimony
בת ים,8.0,0,0,0,5,3,0,0,0,0,0,0,0,Bat Yam
חיפה,1.0,0,58,118,140,36,3,0,0,0,0,0,0,Haifa
מודיעין עילית,5.0,0,0,0,0,1,0,0,0,0,0,0,0,Modi'in Illit
קרית נטפים,1.0,0,0,0,10,0,0,0,0,0,0,0,0,Kiryat Natafim
עין שריד,0.0,0,0,0,0,1,0,0,0,0,0,0,0,Ein Sharid
זכרון יעקב,2.0,0,1,2,1,4,0,0,0,0,0,0,0,Zichron Yaakov
אספר,0.0,0,0,0,5,0,0,0,0,0,0,0,0,I will tell
רמת ישי,0.0,0,0,0,1,0,0,0,0,0,0,0,0,Ramat Yishai
קרית שמונה,6.0,0,0,0,1,8,0,0,0,0,0,0,0,Kiryat Shmona
ראשון לציון,0.0,0,1,0,1,0,0,0,0,0,0,0,0,Rishon Lezion
פתח תקוה,4.0,0,0,33,56,7,3,0,0,0,0,0,0,Petah Tikva
נשר,5.0,0,7,1,6,3,0,0,0,0,0,0,0,Nesher
ראשון לציון,6.0,0,0,0,10,4,0,0,0,0,0,0,0,Rishon Lezion
כפר סבא,5.0,0,0,0,6,0,0,0,0,0,0,0,0,Kfar Saba
קרית גת,15.0,0,0,0,0,1,0,0,0,0,0,0,0,Kiryat Gat
נעמי,0.0,0,0,0,3,0,0,0,0,0,0,0,0,Naomi
חולון,0.0,0,0,2,6,0,0,0,0,0,0,0,0,Holon
רעננה,3.0,0,0,2,8,3,2,0,0,0,0,0,0,fresh
כרמיאל,9.0,0,0,0,0,3,0,0,0,0,0,0,0,Carmiel
חיפה,7.0,0,5,5,17,10,1,0,0,0,0,0,0,Haifa
אשקלון,8.0,0,0,0,8,1,0,0,0,0,0,0,0,Ashkelon
קרית שמונה,9.0,0,0,0,8,4,0,0,0,0,0,0,0,Kiryat Shmona
פתח תקוה,10.0,0,0,0,3,0,0,0,0,0,0,0,0,Petah Tikva
כפר סבא,2.0,0,0,15,25,6,1,0,0,0,0,0,0,Kfar Saba
ראשון לציון,3.0,0,2,23,74,43,2,0,0,0,0,0,0,Rishon Lezion
פתח תקוה,7.0,0,0,0,1,0,0,0,0,0,0,0,0,Petah Tikva
יבול,0.0,0,0,0,3,0,0,0,0,0,0,0,0,crop
חולון,3.0,0,9,37,69,16,4,0,0,0,0,0,0,Holon
חיפה,4.0,0,16,70,76,18,0,0,0,0,0,0,0,Haifa
חריש,1.0,0,0,0,3,1,0,0,0,0,0,0,0,earing
קרית גת,12.0,0,0,0,0,1,0,0,0,0,0,0,0,Kiryat Gat
אשקלון,5.0,0,0,4,9,5,1,0,0,0,0,0,0,Ashkelon
"בני עי""ש",2.0,0,0,0,1,0,0,0,0,0,0,0,0,sons of Aish
נוף הגליל,12.0,0,0,0,0,4,0,0,0,0,0,0,0,The view of the Galilee
יקנעם עלית,8.0,0,0,0,1,0,0,0,0,0,0,0,0,Yakneam Alit
תל מונד,1.0,0,0,6,4,1,6,0,0,0,0,0,0,Tel Mond
נתניה,7.0,0,0,1,11,9,1,0,0,0,0,0,0,Netanya
מעלות-תרשיחא,0.0,0,0,1,2,3,1,0,0,0,0,0,0,Tarshiha
מעלה אדומים,2.0,0,0,0,3,1,0,0,0,0,0,0,0,Ma'ale Adumim
עפולה,3.0,0,2,52,182,41,0,0,0,0,0,0,0,Afula
נשר,8.0,0,0,0,2,4,0,0,0,0,0,0,0,Nesher
מעלות-תרשיחא,6.0,0,0,0,3,2,0,0,0,0,0,0,0,Tarshiha
יקנעם עלית,2.0,0,6,11,11,4,0,0,0,0,0,0,0,Yakneam Alit
יתד,0.0,0,0,0,2,0,0,0,0,0,0,0,0,stake
נוף הגליל,3.0,0,7,126,226,21,0,4,0,0,0,0,0,The view of the Galilee
בית שאן,5.0,0,0,0,13,2,0,0,0,0,0,0,0,Beit Shean
נתניה,1.0,0,73,74,138,58,11,2,0,0,0,0,0,Netanya
עפולה,6.0,0,0,32,33,6,1,0,0,0,0,0,0,Afula
אור יהודה,2.0,0,0,13,18,2,0,0,0,0,0,0,0,Or Yehuda
קרית אונו,5.0,0,0,0,1,3,0,0,0,0,0,0,0,Kiryat Ono
באר יעקב,3.0,0,0,3,18,0,0,0,0,0,0,0,0,Be'er Ya'akov
"בני עי""ש",5.0,0,0,0,1,0,0,0,0,0,0,0,0,sons of Aish
מעלות-תרשיחא,3.0,0,0,31,63,9,0,0,0,0,0,0,0,Tarshiha
נתניה,4.0,0,0,19,79,30,2,0,0,0,0,0,0,Netanya
הרצליה,4.0,0,6,10,9,2,0,0,0,0,0,0,0,Herzliya
קרית עקרון,4.0,0,0,1,1,0,0,0,0,0,0,0,0,Kiryat Ekron
מטולה,2.0,0,0,0,0,2,0,0,0,0,0,0,0,Matula
עמנואל,1.0,0,0,0,0,0,1,0,0,0,0,0,0,Emmanuel
יקנעם עלית,5.0,0,0,0,0,5,0,0,0,0,0,0,0,Yakneam Alit
ראש פנה,1.0,0,0,3,11,0,2,0,0,0,0,0,0,Head turned
עפולה,9.0,0,0,2,3,0,0,0,0,0,0,0,0,Afula
בית שאן,2.0,0,2,19,123,86,1,0,0,1,0,0,0,Beit Shean
נוף הגליל,6.0,0,0,14,30,2,0,0,0,0,0,0,0,The view of the Galilee
אשדוד,10.0,0,0,0,0,1,0,0,0,0,0,0,0,Ashdod
רמת השרון,19.0,0,0,0,0,1,0,0,0,0,0,0,0,Ramat Hasharon
תל אביב -יפו,2.0,0,25,153,201,75,11,1,0,0,0,0,0,Tel Aviv Jaffa
קרית מלאכי,2.0,0,0,34,33,16,1,0,0,0,0,0,0,Kiryat Malachi
קרית מוצקין,9.0,0,0,0,0,0,1,0,0,0,0,0,0,Kiryat Motzkin
מגדל העמק,4.0,0,0,6,80,11,0,0,0,0,0,0,0,Migdal Haemek
אילת,1.0,0,5,19,60,12,1,0,0,0,0,0,0,Eilat
לוד,8.0,0,0,0,1,2,0,0,0,0,0,0,0,Lod
קרית מוצקין,6.0,0,0,0,0,0,1,0,0,0,0,0,0,Kiryat Motzkin
תל אביב -יפו,8.0,0,0,1,24,4,0,0,0,0,0,0,0,Tel Aviv Jaffa
אשדוד,4.0,0,5,133,121,41,5,0,0,0,0,0,0,Ashdod
קרית מוצקין,0.0,0,2,1,0,0,0,0,0,0,0,0,0,Kiryat Motzkin
אלעד,2.0,0,0,0,5,5,0,0,0,0,0,0,0,Elad
קדימה-צורן,0.0,0,0,1,1,1,0,0,0,0,0,0,0,"Come on, Zoran"
גדרה,0.0,0,0,0,0,1,0,0,0,0,0,0,0,a fence
יצהר,1.0,0,0,0,2,0,0,0,0,0,0,0,0,Yitzhar
אשדוד,7.0,0,0,0,10,14,3,0,0,0,0,0,0,Ashdod
רמת השרון,16.0,0,0,0,0,1,0,0,0,0,0,0,0,Ramat Hasharon
קרית מלאכי,5.0,0,0,0,0,3,0,0,0,0,0,0,0,Kiryat Malachi
קרית מוצקין,3.0,0,0,3,18,2,0,0,0,0,0,0,0,Kiryat Motzkin
קדימה-צורן,3.0,0,0,2,4,1,0,0,0,0,0,0,0,"Come on, Zoran"
חצבה,0.0,0,0,0,3,0,0,0,0,0,0,0,0,measles
תל אביב -יפו,5.0,0,0,6,49,13,0,0,0,0,0,0,0,Tel Aviv Jaffa
מגדל העמק,1.0,0,6,78,128,34,5,0,0,0,0,0,0,Migdal Haemek
מגדל העמק,7.0,0,0,0,4,5,0,0,0,0,0,0,0,Migdal Haemek
גדרה,3.0,0,0,0,1,1,0,0,0,0,0,0,0,a fence
ביתר עלית,3.0,0,0,0,2,0,0,0,0,0,0,0,0,Beitar Illit
רחובות,1.0,0,5,49,70,31,13,1,0,0,0,0,0,streets
נס ציונה,3.0,0,1,4,13,2,1,0,0,0,0,0,0,Ness Ziona
קרית ים,3.0,0,7,32,56,8,0,0,0,0,0,0,0,Kiryat Yam
גני תקוה,2.0,0,0,0,10,1,0,0,0,0,0,0,0,Ganei Tikva
ערד,5.0,0,0,0,3,5,0,0,0,0,0,0,0,Arad
פוריה-נוה עוב,1.0,0,1,1,1,0,0,0,0,0,0,0,0,Furia-Neva is working
תלמי יוסף,0.0,0,0,0,0,1,0,0,0,0,0,0,0,Ptolemy Yosef
כפר יונה,8.0,0,0,0,1,0,0,0,0,0,0,0,0,Kfar Yona
שלומי,4.0,0,0,5,4,5,0,0,0,0,0,0,0,my peace
אבני איתן,0.0,0,0,0,8,0,0,0,0,0,0,0,0,Solid stones
ראש העין,2.0,0,0,2,15,7,4,0,0,0,0,0,0,Rosh HaAyin
ערד,2.0,0,6,21,21,8,1,0,0,0,0,0,0,Arad
נס ציונה,6.0,0,0,0,0,1,0,0,0,0,0,0,0,Ness Ziona
צופר,0.0,0,0,0,2,0,0,0,0,0,0,0,0,horn
רחובות,4.0,0,1,14,37,7,0,0,0,0,0,0,0,streets
רמלה,13.0,0,0,0,0,1,0,0,0,0,0,0,0,Ramla
גני תקוה,5.0,0,0,0,1,0,0,0,0,0,0,0,0,Ganei Tikva
ערד,8.0,0,0,0,1,0,0,0,0,0,0,0,0,Arad
קרני שומרון,1.0,0,0,0,35,8,6,0,0,0,0,0,0,Horns of Samaria
גבעת שמואל,3.0,0,0,5,2,0,0,0,0,0,0,0,0,Givat Shmuel
רחובות,7.0,0,0,1,2,3,0,0,0,0,0,0,0,streets
שלומי,1.0,0,1,3,40,25,2,0,1,0,0,0,0,my peace
קצרין,1.0,0,4,2,24,5,0,0,0,0,0,0,0,Katzrin
קרית ים,9.0,0,0,0,0,1,0,0,0,0,0,0,0,Kiryat Yam
נצרת,3.0,0,0,0,7,4,0,0,0,0,0,0,0,Nazareth
קרית שמונה,2.0,0,4,19,150,115,1,1,0,0,0,0,0,Kiryat Shmona
ספיר,0.0,0,0,0,3,0,0,0,0,0,0,0,0,sapphire
רחובות,10.0,0,0,0,0,1,0,0,0,0,0,0,0,streets
צחר,1.0,0,0,0,17,3,0,0,0,0,0,0,0,dawn
חולון,10.0,0,0,0,1,0,0,0,0,0,0,0,0,Holon
קרית אתא,0.0,0,0,0,1,0,1,0,0,0,0,0,0,Kiryat Ata
חדרה,0.0,0,0,0,0,2,0,0,0,0,0,0,0,Hadera
קרית גת,5.0,0,0,7,11,2,0,0,0,0,0,0,0,Kiryat Gat
כרמיאל,2.0,0,0,24,82,7,0,0,0,0,0,0,0,Carmiel
כמהין,1.0,0,0,0,4,0,0,0,0,0,0,0,0,truffle
רעננה,0.0,0,0,2,2,2,0,0,0,0,0,0,0,fresh
ראשון לציון,,0,0,0,4,0,0,0,0,0,0,0,0,Rishon Lezion
קרית ים,5.0,0,0,2,1,1,1,0,0,0,0,0,0,Kiryat Yam
ערד,7.0,0,0,0,7,3,0,0,0,0,0,0,0,Arad
עין תמר,0.0,0,0,0,1,0,0,0,0,0,0,0,0,Ein Tamar
חולון,6.0,0,1,5,7,11,0,0,0,0,0,0,0,Holon
קרית אתא,4.0,0,0,42,44,4,3,0,0,0,0,0,0,Kiryat Ata
קרית אתא,10.0,0,0,0,0,1,0,0,0,0,0,0,0,Kiryat Ata
קרית גת,3.0,0,0,146,160,27,2,0,0,0,0,0,0,Kiryat Gat
קרית גת,9.0,0,0,0,1,0,0,0,0,0,0,0,0,Kiryat Gat
נצני סיני,1.0,0,0,0,2,0,0,0,0,0,0,0,0,Chinese radish
קרית ים,8.0,0,3,1,3,0,0,0,0,0,0,0,0,Kiryat Yam
אשקלון,2.0,0,10,156,167,50,1,1,0,0,0,0,0,Ashkelon
מגדלים,1.0,0,0,0,4,0,0,0,0,0,0,0,0,towers
קרית שמונה,3.0,0,0,28,122,100,1,0,0,1,0,0,0,Kiryat Shmona
רמלה,15.0,0,0,0,0,1,1,0,0,0,0,0,0,Ramla
יבנה,2.0,0,0,13,18,11,2,0,0,0,0,0,0,Yavne
חולון,9.0,0,2,6,5,1,0,0,0,0,0,0,0,Holon
אור יהודה,11.0,0,0,0,1,0,0,0,0,0,0,0,0,Or Yehuda
נשר,2.0,0,12,21,34,2,0,0,0,0,0,0,0,Nesher
באר שבע,6.0,0,2,1,26,16,0,0,0,0,0,0,0,Beer Sheva
קרית אתא,7.0,0,0,2,10,0,0,0,0,0,0,0,0,Kiryat Ata
קרית ים,2.0,0,19,45,67,3,0,0,0,0,0,0,0,Kiryat Yam
קרית עקרון,1.0,0,2,4,16,13,1,0,0,0,0,0,0,Kiryat Ekron
קרית אתא,1.0,0,55,50,58,9,1,1,0,1,0,0,0,Kiryat Ata
קרית גת,6.0,0,0,3,2,0,0,0,0,0,0,0,0,Kiryat Gat
קרית מלאכי,0.0,0,0,0,0,1,0,0,0,0,0,0,0,Kiryat Malachi
ראשון לציון,9.0,0,0,0,2,0,0,0,0,0,0,0,0,Rishon Lezion
קרית שמונה,0.0,0,0,0,0,5,0,1,0,0,0,0,0,Kiryat Shmona
גבעתים,1.0,0,1,10,5,0,0,0,0,0,0,0,0,Givatayim
קרית מלאכי,6.0,0,0,0,0,2,0,0,0,0,0,0,0,Kiryat Malachi
קרית מוצקין,4.0,0,1,2,6,2,0,0,0,0,0,0,0,Kiryat Motzkin
אור יהודה,8.0,0,0,0,1,0,0,0,0,0,0,0,0,Or Yehuda
תל אביב -יפו,4.0,0,2,56,110,34,4,0,0,0,0,0,0,Tel Aviv Jaffa
באר שבע,3.0,0,10,314,405,80,1,5,0,0,0,0,0,Beer Sheva
ביריה,1.0,0,0,0,0,1,0,0,0,0,0,0,0,Byria
דימונה,3.0,0,21,270,274,69,4,1,0,0,0,0,0,Dimona
קציר,1.0,0,0,0,3,0,0,0,0,0,0,0,0,harvesting
רמת גן,10.0,0,0,0,1,0,0,0,0,0,0,0,0,Ramat Gan
באר שבע,0.0,0,1,10,55,6,1,1,0,0,0,0,1,Beer Sheva
גבעתים,4.0,0,1,2,1,0,0,0,0,0,0,0,0,Givatayim
אבן יהודה,3.0,0,0,1,1,0,0,0,0,0,0,0,0,Even Yehuda
קרית מלאכי,3.0,0,0,36,36,11,0,0,0,0,0,0,0,Kiryat Malachi
לוד,7.0,0,0,0,2,4,0,0,0,0,0,0,0,Lod
נהריה,8.0,0,0,0,7,1,0,0,0,0,0,0,0,Nahariya
דימונה,0.0,0,0,2,1,7,0,0,0,0,0,0,0,Dimona
רמת גן,7.0,0,0,0,1,0,0,0,0,0,0,0,0,Ramat Gan
נס ציונה,7.0,0,0,0,0,1,0,0,0,0,0,0,0,Ness Ziona
טבריה,3.0,0,0,39,126,33,1,7,0,1,0,0,0,Tiberias
חצור הגלילית,4.0,0,0,6,30,0,0,0,0,0,0,0,0,Hazor HaGalilit
קרית מוצקין,13.0,0,0,0,0,1,0,0,0,0,0,0,0,Kiryat Motzkin
קרית מוצקין,7.0,0,0,0,2,0,0,0,0,0,0,0,0,Kiryat Motzkin
בני ברק,3.0,0,0,26,34,15,0,0,0,0,0,0,0,Bnei Brak
אשדוד,0.0,0,0,0,20,7,1,0,0,0,0,0,0,Ashdod
גבעת שמואל,2.0,0,0,1,1,3,0,0,0,0,0,0,0,Givat Shmuel
אופקים,1.0,0,13,92,173,27,5,6,3,0,0,0,0,horizons
שלומי,0.0,0,0,0,1,0,0,0,0,0,0,0,0,my peace
מזכרת בתיה,3.0,0,0,1,6,0,0,0,0,0,0,0,0,A souvenir of her house
ברקת,0.0,0,0,8,0,1,0,0,0,0,0,0,0,emerald
מגדל העמק,0.0,0,17,89,20,3,0,0,0,0,0,0,0,Migdal Haemek
ראש העין,0.0,0,1,1,3,1,0,0,0,0,0,0,0,Rosh HaAyin
נס ציונה,4.0,0,1,0,9,2,0,0,0,0,0,0,0,Ness Ziona
חספין,1.0,0,0,0,47,0,0,0,0,0,0,0,0,Hasfin
נוף הגליל,14.0,0,0,0,0,3,0,0,0,0,0,0,0,The view of the Galilee
יקיר,1.0,0,0,0,3,0,0,0,0,0,0,0,0,darling
בית דגן,1.0,0,2,2,5,1,0,0,0,0,0,0,0,Beit Dagan
חצור הגלילית,0.0,0,0,1,0,0,0,0,0,0,0,0,0,Hazor HaGalilit
קרית טבעון,5.0,0,0,0,2,0,0,0,0,0,0,0,0,Kiryat Tiv'on
נהריה,5.0,0,0,0,2,1,0,0,0,0,0,0,0,Nahariya
מנחמיה,1.0,0,0,0,6,0,0,0,0,0,0,0,0,Menachemia
הרצליה,6.0,0,0,0,1,0,0,0,0,0,0,0,0,Herzliya
בית דגן,4.0,0,0,3,3,1,0,0,0,0,0,0,0,Beit Dagan
נהריה,2.0,0,5,85,43,10,0,0,0,0,0,0,0,Nahariya
חצור הגלילית,3.0,0,0,6,40,7,0,0,0,0,0,0,0,Hazor HaGalilit
אריאל,2.0,0,0,0,9,5,0,0,0,0,0,0,0,Ariel
פרי גן,0.0,0,0,0,2,0,0,0,0,0,0,0,0,garden fruit
כפר יונה,3.0,0,0,2,3,2,0,0,0,0,0,0,0,Kfar Yona
חריש,9.0,0,0,0,0,1,0,0,0,0,0,0,0,earing
נצרת,1.0,0,0,0,5,4,0,0,0,0,0,0,0,Nazareth
מעלה אפרים,1.0,0,1,2,2,16,0,0,0,0,0,0,0,Maale Ephraim
יבנה,7.0,0,0,0,0,0,1,0,0,0,0,0,0,Yavne
מעלה עמוס,0.0,0,0,0,2,0,0,0,0,0,0,0,0,Ma'ale Amos
מצפה רמון,0.0,0,0,3,0,3,0,0,0,0,0,0,0,Mitzpe Ramon
אור עקיבא,0.0,0,3,0,0,1,0,0,0,0,0,0,0,Or Akiva
רמת השרון,11.0,0,0,0,0,1,0,0,0,0,0,0,0,Ramat Hasharon
כפר יונה,0.0,0,1,0,3,0,0,0,0,0,0,0,0,Kfar Yona
חיפה,15.0,0,0,0,0,2,0,0,0,0,0,0,0,Haifa
פארן,1.0,0,0,0,2,0,0,0,0,0,0,0,0,Paran
חיפה,9.0,0,1,2,2,3,1,0,0,0,0,0,0,Haifa
קרית גת,7.0,0,0,0,6,2,0,0,0,0,0,0,0,Kiryat Gat
אור עקיבא,6.0,0,0,0,0,1,0,0,0,0,0,0,0,Or Akiva
חריש,3.0,0,0,0,1,1,0,0,0,0,0,0,0,earing
אילת,19.0,0,0,0,1,0,0,0,0,0,0,0,0,Eilat
נצרת,4.0,0,0,0,3,2,0,0,0,0,0,0,0,Nazareth
יבנה,4.0,0,0,11,21,5,2,0,0,0,0,0,0,Yavne
רמת השרון,8.0,0,0,0,0,1,0,0,0,0,0,0,0,Ramat Hasharon
יבנה,1.0,0,18,22,22,11,8,0,0,0,0,0,0,Yavne
חיפה,12.0,0,0,0,0,2,0,0,0,0,0,0,0,Haifa
קרית מוצקין,1.0,0,4,7,21,2,0,0,0,0,0,0,0,Kiryat Motzkin
אור עקיבא,3.0,0,1,27,39,4,0,0,0,0,0,0,0,Or Akiva
מצפה רמון,3.0,0,0,19,59,23,2,0,0,0,0,0,0,Mitzpe Ramon
בית אריה,1.0,0,0,0,2,0,0,0,0,0,0,0,0,Beit Arye
קרית גת,4.0,0,0,117,142,26,0,0,0,0,0,0,0,Kiryat Gat
קרית גת,10.0,0,0,0,2,1,0,0,0,0,0,0,0,Kiryat Gat
חיפה,6.0,0,0,3,26,4,1,0,0,0,0,0,0,Haifa
קרית ביאליק,3.0,0,16,36,27,1,1,0,0,0,0,0,0,Kiryat Bialik
מגדל,1.0,0,1,1,2,0,0,0,0,0,0,0,0,tower
נתניה,9.0,0,0,1,0,1,0,0,0,0,0,0,0,Netanya
רמת גן,1.0,0,23,52,38,15,2,0,0,0,0,0,0,Ramat Gan
ערד,3.0,0,6,30,40,5,0,0,0,0,0,0,0,Arad
קרית ארבע,0.0,0,0,0,2,1,0,0,0,0,0,0,0,Kiryat Arba
נס ציונה,1.0,0,16,9,22,19,0,0,0,0,0,0,0,Ness Ziona
פרדס חנה-כרכו,0.0,0,0,0,1,0,0,0,0,0,0,0,0,Pardes Hana
יקנעם עלית,0.0,0,0,0,0,3,0,0,0,0,0,0,0,Yakneam Alit
אזור,8.0,0,0,0,0,1,0,0,0,0,0,0,0,Area
חברון,0.0,0,0,0,0,1,1,0,0,0,0,0,0,Hebron
רמלה,8.0,0,0,0,3,1,0,0,0,0,0,0,0,Ramla
פרדס חנה-כרכו,6.0,0,0,0,1,0,0,0,0,0,0,0,0,Pardes Hana
אור יהודה,10.0,0,0,0,0,1,0,0,0,0,0,0,0,Or Yehuda
קדומים,1.0,0,0,0,2,0,0,0,0,0,0,0,0,Ancients
עפולה,8.0,0,0,4,8,0,0,1,0,0,0,0,0,Afula
כפר סבא,3.0,0,1,14,25,12,0,0,0,0,0,0,0,Kfar Saba
באר שבע,5.0,0,1,6,39,21,0,0,0,0,0,0,0,Beer Sheva
אור יהודה,4.0,0,0,7,14,3,1,0,0,0,0,0,0,Or Yehuda
ראש פנה,0.0,0,0,1,0,0,0,0,0,0,0,0,0,Head turned
אלון מורה,3.0,0,0,0,1,0,0,0,0,0,0,0,0,Alon Mora
מנחמיה,2.0,0,0,0,6,0,0,0,0,0,0,0,0,Menachemia
יבנה,3.0,0,0,14,28,5,4,0,0,0,0,0,0,Yavne
אריאל,3.0,0,0,0,11,3,0,0,0,0,0,0,0,Ariel
יבנה,0.0,0,0,0,4,1,0,0,0,0,0,0,0,Yavne
חיפה,11.0,0,0,0,1,2,0,0,0,0,0,0,0,Haifa
ראשון לציון,4.0,0,1,16,37,19,1,0,0,0,0,0,0,Rishon Lezion
חיפה,5.0,0,0,11,17,11,0,0,0,0,0,0,0,Haifa
נוף הגליל,7.0,0,0,13,25,7,0,0,0,0,0,0,0,The view of the Galilee
נהריה,3.0,0,2,26,54,8,1,0,0,0,0,0,0,Nahariya
חריש,2.0,0,0,0,2,2,0,0,0,0,0,0,0,earing
קצרין,2.0,0,0,9,20,5,0,0,0,0,0,0,0,Katzrin
קרני שומרון,2.0,0,0,0,23,6,0,0,0,0,0,0,0,Horns of Samaria
ראשון לציון,10.0,0,0,0,1,0,0,0,0,0,0,0,0,Rishon Lezion
קרית מלאכי,1.0,0,0,29,40,8,0,0,0,0,0,0,0,Kiryat Malachi
ראשון לציון,7.0,0,0,1,3,1,1,0,0,0,0,0,0,Rishon Lezion
נהריה,6.0,0,0,0,5,2,0,0,0,0,0,0,0,Nahariya
חיפה,8.0,0,9,3,10,8,2,0,0,0,0,0,0,Haifa
באר שבע,1.0,0,162,429,712,185,42,14,3,0,0,0,0,Beer Sheva
נס ציונה,5.0,0,0,0,1,0,0,0,0,0,0,0,0,Ness Ziona
רמת השרון,15.0,0,0,0,0,1,0,0,0,0,0,0,0,Ramat Hasharon
אבן יהודה,2.0,0,0,1,1,0,0,0,0,0,0,0,0,Even Yehuda
פני חבר,0.0,0,0,0,3,0,0,0,0,0,0,0,0,face friend
כרמיאל,,0,0,1,0,0,0,0,0,0,0,0,0,Carmiel
נוף הגליל,16.0,0,0,0,0,1,0,0,0,0,0,0,0,The view of the Galilee
רכסים,4.0,0,0,0,2,0,0,0,0,0,0,0,0,ridges
כפר יונה,4.0,0,0,0,0,1,0,0,0,0,0,0,0,Kfar Yona
קרית מוצקין,2.0,0,3,3,14,2,1,0,0,0,0,0,0,Kiryat Motzkin
פרדס חנה-כרכו,4.0,0,0,1,5,1,1,0,0,0,0,0,0,Pardes Hana
בית שאן,1.0,0,5,35,68,73,6,2,1,2,0,0,0,Beit Shean
אור יהודה,6.0,0,0,0,0,1,0,0,0,0,0,0,0,Or Yehuda
קרית גת,11.0,0,0,0,1,1,0,0,0,0,0,0,0,Kiryat Gat
קרית אונו,1.0,0,2,9,9,8,1,0,0,0,0,0,0,Kiryat Ono
נס ציונה,2.0,0,1,6,11,8,1,0,0,0,0,0,0,Ness Ziona
רמת השרון,18.0,0,0,0,0,1,0,0,0,0,0,0,0,Ramat Hasharon
זכרון יעקב,1.0,0,7,16,12,3,2,0,0,0,0,0,0,Zichron Yaakov
קרית מוצקין,5.0,0,1,0,1,0,0,0,0,0,0,0,0,Kiryat Motzkin
רכסים,1.0,0,7,7,4,2,0,0,0,0,0,0,0,ridges
רמת השרון,12.0,0,0,0,0,1,0,0,0,0,0,0,0,Ramat Hasharon
חולון,11.0,0,0,0,0,1,0,0,0,0,0,0,0,Holon
קרית גת,14.0,0,0,0,0,1,0,0,0,0,0,0,0,Kiryat Gat
חיפה,2.0,0,13,102,122,47,2,0,0,0,0,0,0,Haifa
אור יהודה,3.0,0,0,16,23,2,1,0,0,0,0,0,0,Or Yehuda
קרית אונו,4.0,0,1,0,6,3,1,0,0,0,0,0,0,Kiryat Ono
חדרה,6.0,0,0,0,2,0,0,0,0,0,0,0,0,Hadera
קרית גת,16.0,0,0,0,0,1,0,0,0,0,0,0,0,Kiryat Gat
קרית טבעון,1.0,0,9,18,11,1,0,0,0,0,0,0,0,Kiryat Tiv'on
מודיעין עילית,4.0,0,0,0,0,1,0,0,0,0,0,0,0,Modi'in Illit
שדרות,2.0,0,0,26,90,27,4,1,0,0,0,0,0,Sderot
מעלה אדומים,3.0,0,0,0,6,0,0,0,0,0,0,0,0,Ma'ale Adumim
הוד השרון,2.0,0,0,9,13,9,0,0,0,0,0,0,0,Hod Hasharon
קרית ים,12.0,0,0,0,1,0,0,0,0,0,0,0,0,Kiryat Yam
נשר,9.0,0,0,0,1,0,0,0,0,0,0,0,0,Nesher
זכרון יעקב,3.0,0,2,4,8,3,0,0,0,0,0,0,0,Zichron Yaakov
ירוחם,4.0,0,0,4,20,3,0,0,0,0,0,0,0,Yeruham
אשקלון,15.0,0,0,0,1,0,0,0,0,0,0,0,0,Ashkelon
בית שאן,6.0,0,0,0,0,1,0,0,0,0,0,0,0,Beit Shean
כפר סבא,6.0,0,0,1,0,1,0,0,0,0,0,0,0,Kfar Saba
אשקלון,9.0,0,0,2,2,0,0,0,0,0,0,0,0,Ashkelon
בת ים,5.0,0,0,0,8,5,0,0,0,0,0,0,0,Bat Yam
מצפה רמון,1.0,0,1,38,76,31,1,0,0,0,0,0,0,Mitzpe Ramon
חדרה,3.0,0,5,14,53,9,1,0,0,0,0,0,0,Hadera
בית שאן,0.0,0,2,3,3,3,1,1,0,0,0,0,0,Beit Shean
חדרה,9.0,0,0,0,0,1,0,0,0,0,0,0,0,Hadera
שעל,1.0,0,0,0,1,0,0,0,0,0,0,0,0,on
אור יהודה,1.0,0,21,13,27,15,1,1,0,0,0,0,0,Or Yehuda
עתלית,4.0,0,0,0,5,0,0,0,0,0,0,0,0,Atlit
לוד,0.0,0,0,0,0,1,0,0,0,0,0,0,0,Lod
נהריה,1.0,0,9,54,50,18,4,1,0,0,0,0,0,Nahariya
הרצליה,5.0,0,0,0,0,1,0,0,0,0,0,0,0,Herzliya
מטולה,3.0,0,0,0,0,1,0,0,0,0,0,0,0,Matula
נתיבות,6.0,0,0,0,0,1,0,0,0,0,0,0,0,routes
ראשון לציון,2.0,0,0,40,79,32,3,0,0,0,0,0,0,Rishon Lezion
בנימינה–גבעת עד,0.0,0,0,0,1,0,0,0,0,0,0,0,0,Binyamina-Givat Ad
נוף הגליל,5.0,0,3,39,33,5,0,0,0,0,0,0,0,The view of the Galilee
בית שאן,9.0,0,0,0,0,6,0,0,0,0,0,0,0,Beit Shean
מצפה רמון,4.0,0,0,7,27,13,0,0,0,0,0,0,0,Mitzpe Ramon
תל אביב -יפו,14.0,0,0,0,0,1,0,0,0,0,0,0,0,Tel Aviv Jaffa
נתניה,8.0,0,0,1,10,7,1,0,0,0,0,0,0,Netanya
רמת גן,0.0,0,1,5,2,0,0,0,0,0,0,0,0,Ramat Gan
הרצליה,2.0,0,11,32,52,5,2,0,0,0,0,0,0,Herzliya
"בני עי""ש",1.0,0,0,2,2,0,1,1,0,0,0,0,0,sons of Aish
מעלות-תרשיחא,7.0,0,0,0,4,1,0,0,0,0,0,0,0,Tarshiha
נוה זהר,2.0,0,0,1,0,0,0,0,0,0,0,0,0,Neve Zohar
טירת כרמל,4.0,0,3,12,41,8,0,0,0,0,0,0,0,Tirat Carmel
נוף הגליל,2.0,0,12,178,179,21,0,4,0,0,0,0,0,The view of the Galilee
עלי זהב,1.0,0,0,0,1,0,0,0,0,0,0,0,0,Gold leaves
בנימינה–גבעת עד,3.0,0,0,3,5,0,0,0,0,0,0,0,0,Binyamina-Givat Ad
פתח תקוה,20.0,0,0,0,0,1,0,0,0,0,0,0,0,Petah Tikva
קרית ים,6.0,0,1,2,3,2,1,0,0,0,0,0,0,Kiryat Yam
יבנה,6.0,0,0,0,1,3,0,0,0,0,0,0,0,Yavne
חיפה,14.0,0,0,0,1,3,0,0,0,0,0,0,0,Haifa
חולון,7.0,0,1,7,3,0,0,0,0,0,0,0,0,Holon
קרית גת,2.0,0,0,160,134,39,1,0,0,0,0,0,0,Kiryat Gat
אלון מורה,1.0,0,0,0,37,1,0,0,0,0,0,0,0,Alon Mora
ייטב,0.0,0,0,0,0,3,0,0,0,0,0,0,0,better
בית אל,2.0,0,0,0,8,3,0,0,0,0,0,0,0,Bethel
רמת גן,3.0,0,3,30,21,2,1,0,0,0,0,0,0,Ramat Gan
יהוד,3.0,0,1,8,18,6,0,0,0,0,0,0,0,Yehud
אפרתה,1.0,0,0,0,0,0,0,1,0,0,0,0,0,Ephrata
אור יהודה,12.0,0,0,0,0,1,0,0,0,0,0,0,0,Or Yehuda
קרית אתא,6.0,0,0,5,14,5,0,0,0,0,0,0,0,Kiryat Ata
באר שבע,7.0,0,1,3,20,15,0,0,0,0,0,0,0,Beer Sheva
נהריה,7.0,0,0,0,6,2,0,0,0,0,0,0,0,Nahariya
מנחמיה,3.0,0,0,0,2,0,0,0,0,0,0,0,0,Menachemia
שילה,1.0,0,0,0,7,0,0,0,0,0,0,0,0,Sheila
רמת גן,6.0,0,0,0,1,1,0,0,0,0,0,0,0,Ramat Gan
אבני חפץ,3.0,0,0,0,1,0,0,0,0,0,0,0,0,Gems
יהוד,0.0,0,1,1,3,0,0,0,0,0,0,0,0,Yehud
מעלה אפרים,2.0,0,0,0,11,0,0,0,0,0,0,0,0,Maale Ephraim
גבעתים,0.0,0,1,1,0,0,0,0,0,0,0,0,0,Givatayim
קרית אתא,3.0,0,14,42,54,11,2,0,0,0,0,0,0,Kiryat Ata
אור יהודה,15.0,0,0,0,1,0,0,0,0,0,0,0,0,Or Yehuda
באר שבע,4.0,0,5,213,327,94,1,1,0,0,0,0,0,Beer Sheva
נהריה,4.0,0,0,6,20,5,0,0,0,0,0,0,0,Nahariya
רמת גן,9.0,0,0,0,0,1,0,0,0,0,0,0,0,Ramat Gan
הרצליה,1.0,0,59,42,59,27,1,0,0,0,0,0,0,Herzliya
אור יהודה,5.0,0,0,0,1,0,0,0,0,0,0,0,0,Or Yehuda
קרית אונו,2.0,0,0,0,15,4,0,0,0,0,0,0,0,Kiryat Ono
חדרה,7.0,0,0,0,3,4,0,0,0,0,0,0,0,Hadera
נתיבות,2.0,0,13,38,50,37,1,0,0,0,0,0,0,routes
בית דגן,3.0,0,0,4,4,3,0,0,0,0,0,0,0,Beit Dagan
לוד,4.0,0,0,41,95,13,0,0,0,0,0,0,0,Lod
עכו,6.0,0,0,2,11,2,0,0,0,0,0,0,0,Acre
עכו,0.0,0,0,1,0,0,0,0,0,0,0,0,0,Acre
נתיבות,8.0,0,0,0,0,1,0,0,0,0,0,0,0,routes
צפת,11.0,0,0,0,3,0,0,0,0,0,0,0,0,Zefat
צפת,5.0,0,0,19,33,5,0,0,0,0,0,0,0,Zefat
רמת השרון,3.0,0,0,5,16,2,0,0,0,0,0,0,0,Ramat Hasharon
עתלית,3.0,0,0,0,15,1,0,1,0,0,0,0,0,Atlit
עפולה,0.0,0,2,4,6,1,0,0,0,0,0,0,0,Afula
חספין,0.0,0,0,0,9,0,0,0,0,0,0,0,0,Hasfin
לוד,1.0,0,15,84,132,48,4,0,0,0,0,0,0,Lod
חצור הגלילית,1.0,0,11,15,35,11,1,0,0,1,0,0,0,Hazor HaGalilit
אלון שבות,1.0,0,0,2,4,0,0,0,0,0,0,0,0,Alon Shvut
עפרים,2.0,0,0,0,0,4,0,0,0,0,0,0,0,Efraim
בני ברק,6.0,0,0,0,1,0,0,0,0,0,0,0,0,Bnei Brak
טירת כרמל,2.0,0,10,66,68,15,0,0,0,0,0,0,0,Tirat Carmel
נתיבות,5.0,0,0,0,0,4,0,0,0,0,0,0,0,routes
עכו,3.0,0,2,71,80,20,0,0,0,0,0,0,0,Acre
אופקים,4.0,0,0,38,23,16,2,0,0,0,0,0,0,horizons
רכסים,3.0,0,0,1,1,2,0,0,0,0,0,0,0,ridges
בנימינה–גבעת עד,1.0,0,2,11,18,6,2,0,0,0,0,0,0,Binyamina-Givat Ad
צפת,8.0,0,0,5,20,3,0,0,0,0,0,0,0,Zefat
רמת השרון,6.0,0,0,0,2,1,0,0,0,0,0,0,0,Ramat Hasharon
אור עקיבא,1.0,0,16,37,43,13,2,0,0,0,0,0,0,Or Akiva
אילת,8.0,0,0,0,1,3,0,0,0,0,0,0,0,Eilat
רמת השרון,0.0,0,0,0,0,1,0,0,0,0,0,0,0,Ramat Hasharon
טבריה,6.0,0,0,0,18,6,0,0,0,0,0,0,0,Tiberias
אזור,6.0,0,0,0,1,0,0,0,0,0,0,0,0,Area
רמלה,6.0,0,1,0,5,2,0,0,0,0,0,0,0,Ramla
בר יוחאי,1.0,0,0,0,1,0,0,2,0,0,0,0,0,Bar Yochai
רמת השרון,9.0,0,0,0,0,1,0,0,0,0,0,0,0,Ramat Hasharon
ירושלים,6.0,0,1,5,18,17,1,0,0,0,0,0,0,Jerusalem
הר גילה,1.0,0,0,0,1,0,0,0,0,0,0,0,0,Mount Gila
קרית טבעון,3.0,0,0,3,1,3,0,0,0,0,0,0,0,Kiryat Tiv'on
קרית ביאליק,1.0,0,27,52,32,9,0,0,0,0,0,0,0,Kiryat Bialik
בת ים,6.0,0,0,1,6,1,0,0,0,0,0,0,0,Bat Yam
קרית ביאליק,4.0,0,1,10,11,1,0,0,0,0,0,0,0,Kiryat Bialik
בית שמש,6.0,0,0,0,19,0,0,0,0,0,0,0,0,Beit Shemesh
קרית ארבע,5.0,0,0,0,7,4,0,0,0,0,0,0,0,Kiryat Arba
אזור,3.0,0,0,3,6,2,0,0,0,0,0,0,0,Area
פתח תקוה,1.0,0,24,49,123,48,6,2,0,0,0,0,0,Petah Tikva
רמלה,3.0,0,0,39,78,15,0,0,0,0,0,0,0,Ramla
פרדס חנה-כרכו,1.0,0,18,45,100,12,3,5,0,0,0,0,0,Pardes Hana
ירוחם,2.0,0,0,45,83,9,0,0,0,0,0,0,0,Yeruham
ירושלים,9.0,0,0,0,12,2,1,0,0,0,0,0,0,Jerusalem
ירושלים,3.0,0,6,53,186,80,7,1,0,0,0,0,0,Jerusalem
רמלה,0.0,0,0,0,0,2,0,0,0,0,0,0,0,Ramla
כפר יונה,1.0,0,2,5,25,11,1,1,0,0,0,0,0,Kfar Yona
קרית אונו,3.0,0,1,2,13,6,1,0,0,0,0,0,0,Kiryat Ono
מעלות-תרשיחא,1.0,0,8,54,40,14,2,1,0,0,0,0,0,Tarshiha
רמת גן,4.0,0,0,3,7,0,0,0,0,0,0,0,0,Ramat Gan
ערד,0.0,0,0,2,3,0,0,0,0,0,0,0,0,Arad
גדידה-מכר,2.0,0,0,0,12,18,0,0,0,0,0,0,0,Gadida-Makr
באר שבע,2.0,0,56,345,345,108,11,3,0,0,0,0,0,Beer Sheva
תל מונד,2.0,0,0,2,5,2,0,0,0,0,0,0,0,Tel Mond
נתניה,6.0,0,0,1,17,8,1,0,0,0,0,0,0,Netanya
אבן יהודה,1.0,0,0,3,5,1,0,0,0,0,0,0,0,Even Yehuda
רחובות,2.0,0,0,29,49,12,0,0,0,0,0,0,0,streets
קרית ארבע,3.0,0,0,0,44,9,0,0,0,0,0,0,0,Kiryat Arba
אבני חפץ,1.0,0,0,2,0,0,0,0,0,0,0,0,0,Gems
רמת השרון,14.0,0,0,0,0,1,0,0,0,0,0,0,0,Ramat Hasharon
חרוצים,1.0,0,2,3,1,0,0,0,0,0,0,0,0,diligent
רמלה,5.0,0,0,0,3,3,0,0,0,0,0,0,0,Ramla
ירושלים,11.0,0,0,0,1,1,0,0,0,0,0,0,0,Jerusalem
קרית אונו,0.0,0,0,0,1,0,0,0,0,0,0,0,0,Kiryat Ono
פרדס חנה-כרכו,3.0,0,7,22,35,2,2,0,0,0,0,0,0,Pardes Hana
גבעת שמואל,5.0,0,0,1,3,0,0,0,0,0,0,0,0,Givat Shmuel
אור יהודה,7.0,0,0,0,2,0,0,0,0,0,0,0,0,Or Yehuda
קרית ביאליק,6.0,0,0,0,2,2,0,0,0,0,0,0,0,Kiryat Bialik
צפת,0.0,0,0,4,7,3,0,0,0,0,0,0,0,Zefat
ראשון לציון,11.0,0,0,0,0,1,0,0,0,0,0,0,0,Rishon Lezion
תל אביב -יפו,0.0,0,13,42,28,17,5,2,0,0,0,0,1,Tel Aviv Jaffa
חצור הגלילית,6.0,0,0,1,1,0,0,0,0,0,0,0,0,Hazor HaGalilit
הוד השרון,3.0,0,0,9,10,5,1,0,0,0,0,0,0,Hod Hasharon
צופר,1.0,0,0,0,1,0,0,0,0,0,0,0,0,horn
רמת ישי,2.0,0,0,0,1,0,0,0,0,0,0,0,0,Ramat Yishai
לוד,6.0,0,0,0,3,1,0,0,0,0,0,0,0,Lod
פתח תקוה,15.0,0,0,0,0,1,0,0,0,0,0,0,0,Petah Tikva
פתח תקוה,9.0,0,0,0,1,0,0,0,0,0,0,0,0,Petah Tikva
בני ברק,1.0,0,24,34,44,29,1,0,0,0,0,0,0,Bnei Brak
מגדל העמק,6.0,0,0,0,3,3,0,0,0,0,0,0,0,Migdal Haemek
רועי,1.0,0,0,0,1,0,0,0,0,0,0,0,0,Roy
ראשון לציון,8.0,0,0,0,3,0,0,0,0,0,0,0,0,Rishon Lezion
קרית ים,1.0,0,28,56,82,15,0,0,0,0,0,0,0,Kiryat Yam
צפת,3.0,0,3,31,40,8,0,0,0,0,0,0,0,Zefat
אלון מורה,2.0,0,0,0,21,3,0,0,0,0,0,0,0,Alon Mora
טירת כרמל,10.0,0,0,0,0,1,1,0,0,0,0,0,0,Tirat Carmel
קרית ים,4.0,0,10,19,48,2,1,0,0,0,0,0,0,Kiryat Yam
לוד,3.0,0,0,66,97,12,0,0,0,0,0,0,0,Lod
מודיעין עילית,0.0,0,0,0,0,1,0,0,0,0,0,0,0,Modi'in Illit
בני ברק,4.0,0,1,20,20,6,0,0,0,0,0,0,0,Bnei Brak
פתח תקוה,12.0,0,0,0,0,1,0,0,0,0,0,0,0,Petah Tikva
כפר סבא,0.0,0,0,0,4,4,0,0,0,0,0,0,0,Kfar Saba
אלון שבות,2.0,0,0,0,5,1,0,0,0,0,0,0,0,Alon Shvut
הוד השרון,0.0,0,0,2,2,1,0,0,0,0,0,0,0,Hod Hasharon
ראשון לציון,5.0,0,0,0,12,4,0,0,0,0,0,0,0,Rishon Lezion
אלקנה,1.0,0,0,0,5,17,6,0,0,0,0,0,0,Elkana
צפת,6.0,0,0,19,24,6,0,0,0,0,0,0,0,Zefat
חלמיש,1.0,0,0,0,4,0,0,0,0,0,0,0,0,flint
עתלית,1.0,0,2,11,32,0,0,0,0,0,0,0,0,Atlit
חצור הגלילית,7.0,0,0,2,0,0,0,0,0,0,0,0,0,Hazor HaGalilit
תל אביב -יפו,1.0,0,68,198,261,103,16,4,0,0,0,0,0,Tel Aviv Jaffa
גני תקוה,3.0,0,0,0,9,1,1,0,0,0,0,0,0,Ganei Tikva
עכו,9.0,0,0,0,0,3,0,0,0,0,0,0,0,Acre
בני ברק,0.0,0,0,1,3,4,1,0,0,0,0,0,0,Bnei Brak
גבעת זאב,2.0,0,0,0,1,0,0,0,0,0,0,0,0,Ze'ev hill
אשדוד,3.0,0,5,155,110,27,2,0,0,0,0,0,0,Ashdod
קדימה-צורן,1.0,0,2,10,9,7,1,1,0,0,0,0,0,"Come on, Zoran"
טבריה,0.0,0,0,19,0,2,0,0,0,0,0,0,0,Tiberias
צפת,2.0,0,3,56,43,14,0,0,0,0,0,0,0,Zefat
מגדל העמק,3.0,0,0,38,120,31,0,1,0,0,0,0,0,Migdal Haemek
כרמיאל,3.0,0,0,33,99,6,2,0,0,0,0,0,0,Carmiel
ערד,1.0,0,9,32,70,4,0,0,0,0,0,0,0,Arad
כמהין,0.0,0,0,0,3,0,0,0,0,0,0,0,0,truffle
אור עקיבא,7.0,0,0,0,0,1,0,0,0,0,0,0,0,Or Akiva
אשדוד,6.0,0,0,0,18,29,8,0,0,0,0,0,0,Ashdod
רחובות,5.0,0,0,0,4,0,1,0,0,0,0,0,0,streets
רחובות,14.0,0,0,0,0,1,0,0,0,0,0,0,0,streets
יבנה,5.0,0,0,0,3,2,0,0,0,0,0,0,0,Yavne
חיפה,13.0,0,0,0,0,1,0,0,0,0,0,0,0,Haifa
רחובות,8.0,0,0,0,0,2,0,0,0,0,0,0,0,streets
ירושלים,0.0,0,32,82,82,56,7,2,0,1,0,0,0,Jerusalem
קצרין,0.0,0,11,8,55,26,0,0,0,0,0,0,0,Katzrin
בית שמש,0.0,0,0,0,10,9,2,0,0,0,0,0,0,Beit Shemesh
ראש העין,6.0,0,0,0,1,0,1,0,0,0,0,0,0,Rosh HaAyin
רמלה,9.0,0,0,0,3,1,0,0,0,0,0,0,0,Ramla
אור עקיבא,4.0,0,0,0,18,1,0,0,0,0,0,0,0,Or Akiva
חיפה,19.0,0,0,0,0,1,0,0,0,0,0,0,0,Haifa
נצרת,2.0,0,0,0,8,1,0,0,0,0,0,0,0,Nazareth
ערד,4.0,0,6,74,48,4,0,0,0,0,0,0,0,Arad
חיפה,10.0,0,0,0,1,1,0,0,0,0,0,0,0,Haifa
רחובות,11.0,0,0,0,0,1,0,0,0,0,0,0,0,streets
שרשים,0.0,0,0,0,1,0,0,0,0,0,0,0,0,roots
קרית גת,0.0,0,0,1,15,3,1,0,0,0,0,0,0,Kiryat Gat
קצרין,3.0,0,0,0,33,9,0,0,0,0,0,0,0,Katzrin
בית שמש,3.0,0,0,32,69,9,1,0,0,0,0,0,0,Beit Shemesh
ראש העין,3.0,0,0,2,10,3,0,0,0,0,0,0,0,Rosh HaAyin
כרמיאל,6.0,0,0,2,10,6,0,0,0,0,0,0,0,Carmiel
אבשלום,1.0,0,0,0,1,0,0,0,0,0,0,0,0,Absalom
נתיבות,4.0,0,1,6,38,24,0,0,0,0,0,0,0,routes
מבוא דותן,1.0,0,0,0,1,0,0,0,0,0,0,0,0,Dotan's introduction
הרצליה,3.0,0,2,10,19,5,5,0,0,0,0,0,0,Herzliya
חיפה,18.0,0,0,0,0,1,0,0,0,0,0,0,0,Haifa
קרית טבעון,2.0,0,3,5,8,2,0,0,0,0,0,0,0,Kiryat Tiv'on
עדן,0.0,0,0,0,6,0,0,0,0,0,0,0,0,Eden
גן יבנה,1.0,0,1,7,6,0,1,0,0,0,0,0,0,Gan Yavne
גרנות הגליל,0.0,0,0,0,0,1,0,0,0,0,0,0,0,The Galilee
גבעתים,3.0,0,0,2,7,0,0,0,0,0,0,0,0,Givatayim
אופקים,3.0,0,0,107,142,72,2,1,0,0,0,0,0,horizons
נצרת,7.0,0,0,0,0,1,0,0,0,0,0,0,0,Nazareth
מזכרת בתיה,1.0,0,0,4,5,4,0,0,0,0,0,0,0,A souvenir of her house
הרצליה,0.0,0,3,1,0,0,0,0,0,0,0,0,0,Herzliya
שלומי,2.0,0,0,3,33,15,1,0,0,0,0,0,0,my peace
דימונה,5.0,0,0,3,42,2,0,0,0,0,0,0,0,Dimona
בנימינה–גבעת עד,2.0,0,0,9,7,3,0,0,0,0,0,0,0,Binyamina-Givat Ad
בית שמש,2.0,0,5,42,100,24,4,0,0,0,0,0,0,Beit Shemesh
נתיבות,1.0,0,7,26,50,27,2,1,0,0,0,0,0,routes
שפרעם,1.0,0,0,9,0,0,0,0,0,0,0,0,0,Shafram
עכו,7.0,0,0,2,18,2,0,0,0,0,0,0,0,Acre
לפידות,0.0,0,0,0,2,0,0,0,0,0,0,0,0,torches
בר יוחאי,0.0,0,0,0,3,0,0,0,0,0,0,0,0,Bar Yochai
ספיר,1.0,0,0,0,4,4,0,0,0,0,0,0,0,sapphire
נתיבות,7.0,0,0,0,0,2,0,0,0,0,0,0,0,routes
נוף הגליל,0.0,0,0,5,10,0,0,0,0,0,0,0,0,The view of the Galilee
אשדוד,1.0,0,32,220,154,47,5,0,0,0,0,0,0,Ashdod
מזכרת בתיה,4.0,0,0,0,1,0,0,0,0,0,0,0,0,A souvenir of her house
דימונה,2.0,0,28,265,244,49,1,2,0,0,0,0,0,Dimona
אופקים,0.0,0,0,2,6,0,0,0,0,0,0,0,0,horizons
בית שמש,5.0,0,0,0,13,3,0,0,0,0,0,0,0,Beit Shemesh
מבשרת ציון,1.0,0,0,5,1,0,1,0,0,0,0,0,0,Mevaseret Zion
קרית שמונה,8.0,0,0,0,3,11,0,0,0,0,0,0,0,Kiryat Shmona
טבריה,5.0,0,0,0,31,5,0,1,0,0,0,0,0,Tiberias
רעננה,2.0,0,1,2,16,4,0,0,0,0,0,0,0,fresh
יהוד,1.0,0,5,24,20,5,0,1,0,0,0,0,0,Yehud
יהוד,7.0,0,0,0,1,0,0,0,0,0,0,0,0,Yehud
באר שבע,14.0,0,0,0,0,1,0,0,0,0,0,0,0,Beer Sheva
שדרות,1.0,0,2,64,104,22,3,0,0,0,0,0,0,Sderot
חדרה,4.0,0,0,2,20,8,0,0,0,0,0,0,0,Hadera
באר שבע,11.0,0,0,0,1,4,0,0,0,0,0,0,0,Beer Sheva
אלעד,0.0,0,0,0,0,3,2,0,0,0,0,0,0,Elad
קרית גת,1.0,0,9,122,112,47,6,1,0,0,0,0,0,Kiryat Gat
חולון,4.0,0,9,21,27,10,0,0,0,0,0,0,0,Holon
רמת השרון,5.0,0,0,0,0,3,0,0,0,0,0,0,0,Ramat Hasharon
אילת,5.0,0,0,0,5,0,0,0,0,0,0,0,0,Eilat
ביתר עלית,2.0,0,0,0,6,2,0,1,0,0,0,0,0,Beitar Illit
רעננה,5.0,0,0,0,1,0,0,0,0,0,0,0,0,fresh
יהוד,4.0,0,0,3,8,3,2,0,0,0,0,0,0,Yehud
אשקלון,4.0,0,0,97,145,54,1,0,0,0,0,0,0,Ashkelon
טבריה,2.0,0,8,35,163,31,2,3,2,0,0,0,0,Tiberias
שדרות,4.0,0,0,16,53,42,1,0,0,0,0,0,0,Sderot
בית שאן,8.0,0,0,0,0,3,0,0,0,0,0,0,0,Beit Shean
כפר תפוח,1.0,0,0,0,15,0,0,0,0,0,0,0,0,Apple village
רמת השרון,2.0,0,1,2,11,5,0,0,0,0,0,0,0,Ramat Hasharon
חדרה,1.0,0,51,45,103,19,2,3,0,0,0,0,0,Hadera
חולון,1.0,0,43,88,136,59,4,0,0,0,0,0,0,Holon
אשקלון,7.0,0,0,0,13,1,0,0,0,0,0,0,0,Ashkelon
טבריה,8.0,0,0,0,13,0,1,0,0,0,0,0,0,Tiberias
אילת,2.0,0,0,8,49,9,1,0,0,0,0,0,0,Eilat
ביתר עלית,5.0,0,0,0,3,0,0,0,0,0,0,0,0,Beitar Illit
ראש העין,5.0,0,0,0,0,1,0,0,0,0,0,0,0,Rosh HaAyin
באר יעקב,2.0,0,0,2,3,4,1,0,0,0,0,0,0,Be'er Ya'akov
אשקלון,1.0,0,43,194,252,62,9,1,0,0,0,0,0,Ashkelon
ראש העין,1.0,0,24,15,19,19,6,0,0,0,0,0,0,Rosh HaAyin
כרמיאל,1.0,0,12,48,125,13,1,0,0,0,0,0,0,Carmiel
עפולה,1.0,0,6,86,150,35,1,1,0,0,0,0,0,Afula
קרית מוצקין,17.0,0,0,0,0,1,1,0,0,0,0,0,0,Kiryat Motzkin
שדרות,3.0,0,0,38,114,32,3,0,0,0,0,0,0,Sderot
כפר תפוח,0.0,0,0,0,1,0,0,0,0,0,0,0,0,Apple village
רחובות,12.0,0,0,0,0,1,0,0,0,0,0,0,0,streets
ירושלים,4.0,0,10,72,121,57,6,0,0,0,0,0,0,Jerusalem
בית שאן,7.0,0,0,0,0,1,0,0,0,0,0,0,0,Beit Shean
בת ים,4.0,0,5,27,47,12,0,0,0,0,0,0,0,Bat Yam
חדרה,2.0,0,0,54,42,11,0,0,0,0,0,0,0,Hadera
טבריה,7.0,0,0,0,8,0,0,0,0,0,0,0,0,Tiberias
ראש העין,4.0,0,0,0,2,1,0,0,0,0,0,0,0,Rosh HaAyin
באר יעקב,1.0,0,8,3,8,10,2,0,0,0,0,0,0,Be'er Ya'akov
"בני עי""ש",3.0,0,0,2,0,0,0,0,0,0,0,0,0,sons of Aish
אזור,1.0,0,0,2,10,2,0,0,0,0,0,0,0,Area
שדרות,0.0,0,0,0,0,1,0,0,0,0,0,0,0,Sderot
באר שבע,12.0,0,0,0,0,1,0,0,0,0,0,0,0,Beer Sheva
רחובות,9.0,0,0,0,0,1,0,0,0,0,0,0,0,streets
ירושלים,1.0,0,106,187,243,119,17,1,0,0,0,0,0,Jerusalem
בת ים,1.0,0,13,96,141,38,2,0,0,0,0,0,0,Bat Yam
בית שאן,4.0,0,0,0,61,48,0,0,0,0,0,0,0,Beit Shean
בית שמש,7.0,0,0,0,3,0,0,0,0,0,0,0,0,Beit Shemesh
עכו,8.0,0,0,0,0,4,0,0,0,0,0,0,0,Acre
טירת כרמל,3.0,0,7,33,30,10,2,0,0,0,0,0,0,Tirat Carmel
נוה זהר,1.0,0,0,1,3,0,0,0,0,0,0,0,0,Neve Zohar
ירוחם,3.0,0,1,47,72,10,0,0,0,0,0,0,0,Yeruham
פתחיה,0.0,0,0,0,0,0,1,0,0,0,0,0,0,its openings
אפרתה,0.0,0,0,0,0,0,1,0,0,0,0,0,0,Ephrata
תל אביב -יפו,10.0,0,0,0,2,0,0,0,0,0,0,0,0,Tel Aviv Jaffa
אשדוד,2.0,0,5,212,111,34,3,0,0,0,0,0,0,Ashdod
פתח תקוה,2.0,0,1,61,114,28,2,0,0,0,0,0,0,Petah Tikva
איתמר,1.0,0,0,0,20,0,0,0,0,0,0,0,0,Itamar
ענב,1.0,0,0,0,16,0,0,0,0,0,0,0,0,grape
גדרה,2.0,0,0,0,2,1,0,0,0,0,0,0,0,a fence
כרמיאל,7.0,0,0,0,4,7,0,0,0,0,0,0,0,Carmiel
טירת כרמל,0.0,0,0,0,0,1,0,0,0,0,0,0,0,Tirat Carmel
ירוחם,0.0,0,0,2,4,1,0,0,0,0,0,0,0,Yeruham
עכו,5.0,0,1,1,10,5,0,0,0,0,0,0,0,Acre
נשר,0.0,0,0,0,2,3,0,0,0,0,0,0,0,Nesher
אופקים,2.0,0,0,98,136,61,1,1,0,0,0,0,0,horizons
תל אביב -יפו,7.0,0,0,2,14,5,0,0,0,0,0,0,0,Tel Aviv Jaffa
קרית אתא,5.0,0,0,13,14,4,0,0,0,0,0,0,0,Kiryat Ata
אשדוד,5.0,0,0,0,24,26,4,0,0,0,0,0,0,Ashdod
תל אביב -יפו,13.0,0,0,0,0,2,0,0,0,0,0,0,0,Tel Aviv Jaffa
כרמיאל,4.0,0,0,6,82,5,0,0,0,0,0,0,0,Carmiel
יהוד,5.0,0,0,0,1,2,0,0,0,0,0,0,0,Yehud
נשר,6.0,0,0,1,2,1,0,0,0,0,0,0,0,Nesher
נוף הגליל,1.0,0,7,200,225,10,0,4,0,0,0,0,0,The view of the Galilee
קרית אתא,8.0,0,1,3,6,1,0,0,0,0,0,0,0,Kiryat Ata
נשר,3.0,0,2,15,23,3,0,0,0,0,0,0,0,Nesher
קרית עקרון,2.0,0,0,1,9,0,1,0,0,0,0,0,0,Kiryat Ekron
דימונה,1.0,0,38,289,314,61,9,3,0,1,0,0,0,Dimona
בית שמש,4.0,0,0,36,48,18,1,0,0,0,0,0,0,Beit Shemesh
ביתר עלית,4.0,0,0,0,5,0,0,0,0,0,0,0,0,Beitar Illit
רעננה,1.0,0,9,49,42,17,10,3,0,0,0,0,0,fresh
יהוד,2.0,0,0,4,14,4,3,0,0,0,0,0,0,Yehud
יהוד,8.0,0,0,0,1,0,0,0,0,0,0,0,0,Yehud
גבעתים,2.0,0,1,3,3,0,0,0,0,0,0,0,0,Givatayim
נוף הגליל,4.0,0,11,75,181,18,0,0,0,0,0,0,0,The view of the Galilee
דימונה,4.0,0,1,94,217,48,1,0,0,0,0,0,0,Dimona
שלומי,3.0,0,0,3,31,2,0,0,0,0,0,0,0,my peace
רעננה,4.0,0,0,7,6,7,0,0,0,0,0,0,0,fresh
נוב,1.0,0,0,0,8,0,0,0,0,0,0,0,0,Nov
מטולה,1.0,0,0,0,0,2,0,0,0,0,0,0,0,Matula
פתח תקוה,0.0,0,0,6,15,5,0,0,0,0,0,0,0,Petah Tikva
ירושלים,8.0,0,0,0,15,4,0,0,0,0,0,0,0,Jerusalem
פתח תקוה,6.0,0,0,0,6,4,0,0,0,0,0,0,0,Petah Tikva
ירושלים,2.0,0,27,109,231,113,13,0,0,0,0,0,0,Jerusalem
נתניה,3.0,0,12,42,90,33,1,0,0,0,0,0,0,Netanya
"דוב""ב",1.0,0,0,0,1,0,0,0,0,0,0,0,0,Dubb
כרמיאל,5.0,0,0,0,10,8,0,0,0,0,0,0,0,Carmiel
תל שבע,1.0,0,0,4,0,0,0,0,0,0,0,0,0,Tel Sheva
אבשלום,0.0,0,0,0,12,0,0,0,0,0,0,0,0,Absalom
תל אביב -יפו,12.0,0,0,0,1,0,0,0,0,0,0,0,0,Tel Aviv Jaffa
ערד,6.0,0,0,0,3,1,0,0,0,0,0,0,0,Arad
רחובות,13.0,0,0,0,0,2,0,0,0,0,0,0,0,streets
כחל,0.0,0,0,0,1,0,0,0,0,0,0,0,0,antimony
קרית שמונה,5.0,0,0,1,23,10,0,0,0,0,0,0,0,Kiryat Shmona
יקנעם עלית,3.0,0,0,15,6,5,0,0,0,0,0,0,0,Yakneam Alit
תל אביב -יפו,9.0,0,0,0,2,1,0,0,0,0,0,0,0,Tel Aviv Jaffa
ירושלים,5.0,0,1,17,45,22,1,1,0,0,0,0,0,Jerusalem
באר שבע,8.0,0,0,0,20,14,0,0,0,0,0,0,0,Beer Sheva
פתח תקוה,3.0,0,0,47,78,21,1,0,0,0,0,0,0,Petah Tikva
אלעד,3.0,0,0,0,1,3,1,0,0,0,0,0,0,Elad
אור יהודה,13.0,0,0,0,1,0,0,0,0,0,0,0,0,Or Yehuda
כרמיאל,8.0,0,0,2,3,9,0,0,0,0,0,0,0,Carmiel
קרית ביאליק,0.0,0,1,0,1,0,0,0,0,0,0,0,0,Kiryat Bialik
קרית ים,7.0,0,2,1,2,3,0,0,0,0,0,0,0,Kiryat Yam
יקנעם עלית,6.0,0,0,0,1,1,0,0,0,0,0,0,0,Yakneam Alit
קרית עקרון,3.0,0,0,2,5,2,0,0,0,0,0,0,0,Kiryat Ekron
עפולה,5.0,0,0,30,36,13,0,0,0,0,0,0,0,Afula
עכו,4.0,0,0,81,97,8,0,0,0,0,0,0,0,Acre
נשר,1.0,0,14,33,27,3,0,0,0,0,0,0,0,Nesher
בת ים,0.0,0,1,3,2,0,0,0,0,0,0,0,0,Bat Yam
קדימה-צורן,2.0,0,0,9,6,2,0,0,0,0,0,0,0,"Come on, Zoran"
קרית עקרון,0.0,0,0,1,0,0,1,0,0,0,0,0,0,Kiryat Ekron
יבנאל,1.0,0,0,3,6,1,0,0,0,0,0,0,0,Yavnal
תל אביב -יפו,6.0,0,0,0,30,14,0,0,0,0,0,0,0,Tel Aviv Jaffa
קרית ים,10.0,0,0,0,1,1,0,0,0,0,0,0,0,Kiryat Yam
עפולה,2.0,0,0,66,138,27,1,0,0,0,0,0,0,Afula
תל אביב -יפו,3.0,0,9,98,190,55,7,1,2,0,1,0,0,Tel Aviv Jaffa
נשר,7.0,0,0,3,2,0,0,0,0,0,0,0,0,Nesher
עכו,1.0,0,22,95,78,21,2,1,0,0,0,0,0,Acre
נשר,4.0,0,0,10,16,2,0,0,0,0,0,0,0,Nesher
נתניה,0.0,0,1,2,13,7,2,0,0,0,0,0,0,Netanya
גדרה,1.0,0,0,2,5,3,0,0,0,0,0,0,0,a fence
בת ים,3.0,0,10,41,79,14,3,0,0,0,0,0,0,Bat Yam
ביתר עלית,1.0,0,0,0,6,3,0,0,0,0,0,0,0,Beitar Illit
אילת,0.0,0,0,2,3,5,0,0,0,0,0,0,0,Eilat
בית שמש,1.0,0,15,61,104,29,2,1,0,0,0,0,0,Beit Shemesh
אשקלון,3.0,0,0,160,179,43,0,0,0,0,0,0,0,Ashkelon
באר יעקב,4.0,0,0,3,3,0,0,0,0,0,0,0,0,Be'er Ya'akov
דימונה,7.0,0,0,0,1,0,0,0,0,0,0,0,0,Dimona
קרית מוצקין,11.0,0,0,0,0,0,2,0,0,0,0,0,0,Kiryat Motzkin
זכרון יעקב,4.0,0,1,6,2,3,0,0,0,0,0,0,0,Zichron Yaakov
נתיבות,0.0,0,0,0,26,16,1,0,0,0,0,0,0,routes
קרית שמונה,4.0,0,0,13,68,31,1,0,0,0,0,0,0,Kiryat Shmona
קרית מלאכי,4.0,0,0,44,24,11,0,0,0,0,0,0,0,Kiryat Malachi
אלעד,4.0,0,0,0,2,2,0,0,0,0,0,0,0,Elad
חמרה,1.0,0,0,0,1,0,0,0,0,0,0,0,0,hardware
חולון,8.0,0,1,8,4,1,0,0,0,0,0,0,0,Holon
חולון,2.0,0,28,43,104,31,3,0,0,0,0,0,0,Holon
טבריה,1.0,0,13,76,109,43,2,12,4,0,0,1,0,Tiberias
אשקלון,6.0,0,0,7,12,4,0,0,0,0,0,0,0,Ashkelon
חדרה,8.0,0,0,0,2,5,0,0,0,0,0,0,0,Hadera
רמת השרון,1.0,0,12,16,34,12,6,0,0,0,0,0,0,Ramat Hasharon
אילת,3.0,0,0,13,42,4,0,0,0,0,0,0,0,Eilat
נתיבות,3.0,0,1,11,36,19,0,0,0,0,0,0,0,routes
טבריה,4.0,0,0,24,60,7,0,3,0,0,0,0,0,Tiberias
אשקלון,0.0,0,0,1,22,12,3,0,0,0,0,0,0,Ashkelon
מבשרת ציון,2.0,0,0,1,0,1,0,0,0,0,0,0,0,Mevaseret Zion
בני יהודה,1.0,0,0,0,5,0,0,0,0,0,0,0,0,Bnei Yehuda
קרית שמונה,1.0,0,8,18,125,94,3,1,0,7,0,0,0,Kiryat Shmona
קרית מוצקין,8.0,0,0,0,0,2,0,0,0,0,0,0,0,Kiryat Motzkin
קרית מוצקין,14.0,0,0,0,0,1,0,0,0,0,0,0,0,Kiryat Motzkin
קרית מלאכי,7.0,0,0,0,0,2,0,0,0,0,0,0,0,Kiryat Malachi
קרית שמונה,7.0,0,0,0,5,11,0,0,0,0,0,0,0,Kiryat Shmona
חדרה,5.0,0,0,0,2,1,0,0,0,0,0,0,0,Hadera
קרית מלאכי,10.0,0,0,0,0,1,0,0,0,0,0,0,0,Kiryat Malachi
אלעד,1.0,0,0,0,4,9,0,0,0,0,0,0,0,Elad
מזכרת בתיה,2.0,0,0,1,4,1,0,0,0,0,0,0,0,A souvenir of her house
אילת,6.0,0,0,0,2,2,0,0,0,0,0,0,0,Eilat
חולון,5.0,0,1,4,6,12,1,0,0,0,0,0,0,Holon
טלמון,1.0,0,0,0,3,0,0,0,0,0,0,0,0,Telmon
