"","city_lms_name","city_lms_code","num_of_rooms","floor","total_area","validity_date","company_name","status_name","status_change_date","property_type_name","city_lms_name_translated","company_name_translated","status_name_translated","property_type_name_translated"
"1","Ofakim",31,2,2,54,"23/05/2024","Amigur","free","30/01/2024","Apartment","Ofakim","Amigur","free","Apartment"
"2","Migdal Haemek",874,2,0,46.7,"23/05/2024","Amigur","free","21/09/2023","Apartment","Migdal Haemek","Amigur","free","Apartment"
"3","Sderot",1031,4,4,90,"23/05/2024","Amigur","free","17/08/2023","Apartment","Sderot","Amigur","free","Apartment"
"4","Migdal Haemek",874,3,3,70,"23/05/2024","Amigur","free","21/01/2024","Apartment","Migdal Haemek","Amigur","free","Apartment"
"5","Ofakim",31,3,4,54,"23/05/2024","Amigur","free","13/06/2023","Apartment","Ofakim","Amigur","free","Apartment"
"6","Ofakim",31,2,2,44.5,"23/05/2024","Amigur","free","01/02/2023","Apartment","Ofakim","Amigur","free","Apartment"
"7","Netivot",246,2,2,52,"23/05/2024","Amigur","free","24/12/2023","Apartment","Netivot","Amigur","free","Apartment"
"8","Ofakim",31,2,3,55,"23/05/2024","Amigur","free","24/01/2023","Apartment","Ofakim","Amigur","free","Apartment"
"9","Ofakim",31,2,1,42,"23/05/2024","Amigur","free","06/02/2024","Apartment","Ofakim","Amigur","free","Apartment"
"10","Dimona",2200,1.5,3,50,"23/05/2024","Amidar","free","13/06/2023","Apartment","Dimona","Amidar","free","Apartment"
"11","Yeruham",831,3,3,72,"23/05/2024","Amidar","free","12/01/2022","Apartment","Yeruham","Amidar","free","Apartment"
"12","Yeruham",831,3,1,60,"23/05/2024","Amidar","free","31/12/2023","Apartment","Yeruham","Amidar","free","Apartment"
"13","Nof Hagalil",1061,2,2,45,"23/05/2024","Amidar","free","25/07/2023","Apartment","Nof Hagalil","Amidar","free","Apartment"
"14","Dimona",2200,3.5,3,72.6,"23/05/2024","Amidar","free","01/02/2024","Apartment","Dimona","Amidar","free","Apartment"
"15","Kiryat Shmona",2800,1,2,49,"23/05/2024","Amidar","free","28/08/2023","Apartment","Kiryat Shmona","Amidar","free","Apartment"
"16","Shlomi",812,3,1,71,"23/05/2024","Amidar","free","22/01/2023","Apartment","Shlomi","Amidar","free","Apartment"
"17","Nof Hagalil",1061,2,2,46.9,"23/05/2024","Amidar","free","09/01/2024","Apartment","Nof Hagalil","Amidar","free","Apartment"
"18","Dimona",2200,3,3,54,"23/05/2024","Amidar","free","17/07/2023","Apartment","Dimona","Amidar","free","Apartment"
"19","Mitzpe Ramon",99,3,2,58.8,"23/05/2024","Amidar","free","01/12/2022","Apartment","Mitzpe Ramon","Amidar","free","Apartment"
"20","Dimona",2200,3,3,54,"23/05/2024","Amidar","free","16/06/2020","Apartment","Dimona","Amidar","free","Apartment"
"21","Afula",7700,2,7,54,"23/05/2024","Amidar","free","24/10/2023","Apartment","Afula","Amidar","free","Apartment"
"22","Afula",7700,2,7,54,"23/05/2024","Amidar","free","24/10/2023","Apartment","Afula","Amidar","free","Apartment"
"23","Kiryat Shmona",2800,2,3,57,"23/05/2024","Amidar","free","15/11/2022","Apartment","Kiryat Shmona","Amidar","free","Apartment"
"24","Kiryat Shmona",2800,2,3,58.1,"23/05/2024","Amidar","free","17/08/2023","Apartment","Kiryat Shmona","Amidar","free","Apartment"
"25","Beer Sheva",9000,2,3,47,"23/05/2024","Amidar","free","20/11/2023","Apartment","Beer Sheva","Amidar","free","Apartment"
"26","Dimona",2200,3,4,67.9,"23/05/2024","Amidar","free","29/09/2020","Apartment","Dimona","Amidar","free","Apartment"
"27","Dimona",2200,2,3,51.9,"23/05/2024","Amidar","free","03/12/2023","Apartment","Dimona","Amidar","free","Apartment"
"28","Kiryat Gat",2630,2,3,52,"23/05/2024","Amidar","free","13/12/2023","Apartment","Kiryat Gat","Amidar","free","Apartment"
"29","Mitzpe Ramon",99,3,3,55,"23/05/2024","Amidar","free","09/01/2023","Apartment","Mitzpe Ramon","Amidar","free","Apartment"
"30","Nof Hagalil",1061,2,4,45,"23/05/2024","Amidar","free","01/07/2021","Apartment","Nof Hagalil","Amidar","free","Apartment"
"31","Arad",2560,1,3,30,"23/05/2024","Amidar","free","06/04/2021","Apartment","Arad","Amidar","free","Apartment"
"32","Dimona",2200,3,4,63.9,"23/05/2024","Amidar","free","17/12/2023","Apartment","Dimona","Amidar","free","Apartment"
"33","Yeruham",831,3,4,72,"23/05/2024","Amidar","free","29/10/2019","Apartment","Yeruham","Amidar","free","Apartment"
"34","Beer Sheva",9000,2.5,2,49,"23/05/2024","Amidar","free","08/05/2023","Apartment","Beer Sheva","Amidar","free","Apartment"
"35","Yeruham",831,2,2,48,"23/05/2024","Amidar","free","16/08/2021","Apartment","Yeruham","Amidar","free","Apartment"
"36","Ofakim",31,2.5,3,54.8,"23/05/2024","Amigur","free","07/11/2022","Apartment","Ofakim","Amigur","free","Apartment"
"37","Ofakim",31,2,4,50.2,"23/05/2024","Amigur","free","19/12/2023","Apartment","Ofakim","Amigur","free","Apartment"
"38","Ofakim",31,2,1,44.5,"23/05/2024","Amigur","free","01/01/2024","Apartment","Ofakim","Amigur","free","Apartment"
"39","Migdal Haemek",874,2,3,48,"23/05/2024","Amigur","free","20/08/2023","Apartment","Migdal Haemek","Amigur","free","Apartment"
"40","Dimona",2200,3,3,53.1,"23/05/2024","Amidar","free","09/11/2021","Apartment","Dimona","Amidar","free","Apartment"
"41","Beer Sheva",9000,2,3,47,"23/05/2024","Amidar","free","31/07/2023","Apartment","Beer Sheva","Amidar","free","Apartment"
"42","Pardes Hana",7800,1,1,40.2,"23/05/2024","Amidar","free","03/01/2024","Apartment","Pardes Hana","Amidar","free","Apartment"
"43","Beit Shean",9200,3,3,84,"23/05/2024","Amidar","free","31/07/2023","Apartment","Beit Shean","Amidar","free","Apartment"
"44","Dimona",2200,2,3,53,"23/05/2024","Amidar","free","31/12/2019","Apartment","Dimona","Amidar","free","Apartment"
"45","Ma'alot-Tarshiha",1063,3,1,79,"23/05/2024","Amidar","free","10/02/2024","Apartment","Ma'alot-Tarshiha","Amidar","free","Apartment"
"46","Mitzpe Ramon",99,3,2,72,"23/05/2024","Amidar","free","07/09/2023","Apartment","Mitzpe Ramon","Amidar","free","Apartment"
"47","Acre",7600,1,2,29,"23/05/2024","Amidar","free","02/01/2023","Apartment","Acre","Amidar","free","Apartment"
"48","Or Akiva",1020,1.5,2,33,"23/05/2024","Amidar","free","21/05/2023","Apartment","Or Akiva","Amidar","free","Apartment"
"49","Mitzpe Ramon",99,3,3,79,"23/05/2024","Amidar","free","15/11/2015","Apartment","Mitzpe Ramon","Amidar","free","Apartment"
"50","Zefat",8000,2,6,47,"23/05/2024","Amidar","free","10/09/2023","Apartment","Zefat","Amidar","free","Apartment"
"51","Kiryat Shmona",2800,2,3,60.6,"23/05/2024","Amidar","free","19/08/2021","Apartment","Kiryat Shmona","Amidar","free","Apartment"
"52","Kiryat Shmona",2800,3,4,73,"23/05/2024","Amidar","free","03/12/2023","Apartment","Kiryat Shmona","Amidar","free","Apartment"
"53","Arad",2560,2,4,38,"23/05/2024","Amidar","free","03/01/2024","Apartment","Arad","Amidar","free","Apartment"
"54","Mitzpe Ramon",99,3,3,55,"23/05/2024","Amidar","free","09/01/2023","Apartment","Mitzpe Ramon","Amidar","free","Apartment"
"55","Nof Hagalil",1061,2,4,45,"23/05/2024","Amidar","free","08/08/2023","Apartment","Nof Hagalil","Amidar","free","Apartment"
"56","Kiryat Shmona",2800,2,2,61.7,"23/05/2024","Amidar","free","08/10/2023","Apartment","Kiryat Shmona","Amidar","free","Apartment"
"57","Kiryat Arba",3611,3,3,86,"23/05/2024","Amidar","free","19/03/2023","Apartment","Kiryat Arba","Amidar","free","Apartment"
"58","Beit Shean",9200,3,4,70,"23/05/2024","Amidar","free","02/02/2023","Apartment","Beit Shean","Amidar","free","Apartment"
"59","Kiryat Shmona",2800,3,6,73,"23/05/2024","Amidar","free","15/02/2023","Apartment","Kiryat Shmona","Amidar","free","Apartment"
"60","Kiryat Shmona",2800,2,5,58.5,"23/05/2024","Amidar","free","27/08/2023","Apartment","Kiryat Shmona","Amidar","free","Apartment"
"61","Beer Sheva",9000,2,2,45,"23/05/2024","Amidar","free","25/02/2022","Apartment","Beer Sheva","Amidar","free","Apartment"
"62","Dimona",2200,2,3,47,"23/05/2024","Amidar","free","09/03/2021","Apartment","Dimona","Amidar","free","Apartment"
"63","Dimona",2200,2,3,44,"23/05/2024","Amidar","free","07/07/2020","Apartment","Dimona","Amidar","free","Apartment"
"64","Kiryat Shmona",2800,2,3,57,"23/05/2024","Amidar","free","14/11/2022","Apartment","Kiryat Shmona","Amidar","free","Apartment"
"65","Ma'alot-Tarshiha",1063,2,3,46,"23/05/2024","Amidar","free","23/07/2023","Apartment","Ma'alot-Tarshiha","Amidar","free","Apartment"
"66","Yeruham",831,2,1,48,"23/05/2024","Amidar","free","23/03/2023","Apartment","Yeruham","Amidar","free","Apartment"
"67","Mitzpe Ramon",99,3,2,79,"23/05/2024","Amidar","free","27/02/2023","Apartment","Mitzpe Ramon","Amidar","free","Apartment"
"68","Dimona",2200,2,2,50,"23/05/2024","Amidar","free","01/05/2022","Apartment","Dimona","Amidar","free","Apartment"
"69","Kiryat Shmona",2800,3,4,66,"23/05/2024","Amidar","free","29/03/2023","Apartment","Kiryat Shmona","Amidar","free","Apartment"
"70","Beer Sheva",9000,1,2,30,"23/05/2024","Amidar","free","12/12/2023","Apartment","Beer Sheva","Amidar","free","Apartment"
"71","Ofakim",31,2,2,49,"23/05/2024","Amigur","free","01/05/2022","Apartment","Ofakim","Amigur","free","Apartment"
"72","Sderot",1031,4,4,90,"23/05/2024","Amigur","free","07/02/2024","Apartment","Sderot","Amigur","free","Apartment"
"73","Ashkelon",7100,1,2,31.5,"23/05/2024","Amigur","free","11/01/2023","Apartment","Ashkelon","Amigur","free","Apartment"
"74","Ofakim",31,2,2,54,"23/05/2024","Amigur","free","11/04/2022","Apartment","Ofakim","Amigur","free","Apartment"
"75","Migdal Haemek",874,1,1,38,"23/05/2024","Amigur","free","01/02/2024","Apartment","Migdal Haemek","Amigur","free","Apartment"
"76","Kiryat Shmona",2800,1,3,51.5,"23/05/2024","Amidar","free","06/09/2023","Apartment","Kiryat Shmona","Amidar","free","Apartment"
"77","Arad",2560,2,4,47,"23/05/2024","Amidar","free","28/02/2022","Apartment","Arad","Amidar","free","Apartment"
"78","Ma'alot-Tarshiha",1063,3,4,65,"23/05/2024","Amidar","free","12/11/2023","Apartment","Ma'alot-Tarshiha","Amidar","free","Apartment"
"79","Dimona",2200,4,3,76.6,"23/05/2024","Amidar","free","29/07/2018","Apartment","Dimona","Amidar","free","Apartment"
"80","Dimona",2200,2,4,48,"23/05/2024","Amidar","free","29/06/2021","Apartment","Dimona","Amidar","free","Apartment"
"81","Dimona",2200,4,4,89,"23/05/2024","Amidar","free","05/01/2020","Apartment","Dimona","Amidar","free","Apartment"
"82","Dimona",2200,2,3,48,"23/05/2024","Amidar","free","29/12/2021","Apartment","Dimona","Amidar","free","Apartment"
"83","Beer Sheva",9000,2.5,2,48,"23/05/2024","Amidar","free","27/12/2023","Apartment","Beer Sheva","Amidar","free","Apartment"
"84","Beer Sheva",9000,2,2,48,"23/05/2024","Amidar","free","05/09/2022","Apartment","Beer Sheva","Amidar","free","Apartment"
"85","Kiryat Shmona",2800,2,2,67.5,"23/05/2024","Amidar","free","15/06/2023","Apartment","Kiryat Shmona","Amidar","free","Apartment"
"86","Dimona",2200,2,2,48,"23/05/2024","Amidar","free","05/07/2022","Apartment","Dimona","Amidar","free","Apartment"
"87","Dimona",2200,3,3,53.1,"23/05/2024","Amidar","free","15/08/2023","Apartment","Dimona","Amidar","free","Apartment"
"88","Beit Shean",9200,3,4,65,"23/05/2024","Amidar","free","29/10/2023","Apartment","Beit Shean","Amidar","free","Apartment"
"89","Arad",2560,1,4,30,"23/05/2024","Amidar","free","19/09/2023","Apartment","Arad","Amidar","free","Apartment"
"90","Beit Shean",9200,3,3,84,"23/05/2024","Amidar","free","24/12/2023","Apartment","Beit Shean","Amidar","free","Apartment"
"91","Arad",2560,2,4,52,"23/05/2024","Amidar","free","25/07/2023","Apartment","Arad","Amidar","free","Apartment"
"92","Dimona",2200,3,3,54,"23/05/2024","Amidar","free","02/08/2021","Apartment","Dimona","Amidar","free","Apartment"
"93","Kiryat Shmona",2800,2,3,62.7,"23/05/2024","Amidar","free","04/07/2023","Apartment","Kiryat Shmona","Amidar","free","Apartment"
"94","Afula",7700,2,2,46,"23/05/2024","Amidar","free","15/05/2022","Apartment","Afula","Amidar","free","Apartment"
"95","Afula",7700,2,2,46,"23/05/2024","Amidar","free","15/05/2022","Apartment","Afula","Amidar","free","Apartment"
"96","Arad",2560,2,3,54,"23/05/2024","Amidar","free","22/06/2023","Apartment","Arad","Amidar","free","Apartment"
"97","Dimona",2200,3,2,58,"23/05/2024","Amidar","free","25/10/2021","Apartment","Dimona","Amidar","free","Apartment"
"98","Beer Sheva",9000,2.5,1,42.4,"23/05/2024","Amidar","free","07/11/2022","Apartment","Beer Sheva","Amidar","free","Apartment"
"99","Nof Hagalil",1061,3,3,53.3,"23/05/2024","Amidar","free","29/08/2022","Apartment","Nof Hagalil","Amidar","free","Apartment"
"100","Mitzpe Ramon",99,3,1,72,"23/05/2024","Amidar","free","14/12/2020","Apartment","Mitzpe Ramon","Amidar","free","Apartment"
"101","Nof Hagalil",1061,1,4,31.27,"23/05/2024","Amidar","free","09/05/2023","Apartment","Nof Hagalil","Amidar","free","Apartment"
"102","Kiryat Arba",3611,3,3,75,"23/05/2024","Amidar","free","15/10/2023","Apartment","Kiryat Arba","Amidar","free","Apartment"
"103","Katzrin",4100,3,2,75,"23/05/2024","Co. Ltd","free","02/01/2023","Apartment","Katzrin","Co. Ltd","free","Apartment"
"104","Ofakim",31,3,2,54,"23/05/2024","Amigur","free","07/11/2023","Apartment","Ofakim","Amigur","free","Apartment"
"105","Ofakim",31,2,2,49,"23/05/2024","Amigur","free","29/11/2022","Apartment","Ofakim","Amigur","free","Apartment"
"106","Ofakim",31,2,2,55,"23/05/2024","Amigur","free","03/12/2023","Apartment","Ofakim","Amigur","free","Apartment"
"107","Ofakim",31,3,3,64,"23/05/2024","Amigur","free","09/08/2022","Apartment","Ofakim","Amigur","free","Apartment"
"108","Netivot",246,2,4,52,"23/05/2024","Amigur","free","24/09/2020","Apartment","Netivot","Amigur","free","Apartment"
"109","Dimona",2200,2,3,47,"23/05/2024","Amidar","free","09/02/2021","Apartment","Dimona","Amidar","free","Apartment"
"110","Yeruham",831,3,3,72,"23/05/2024","Amidar","free","10/09/2020","Apartment","Yeruham","Amidar","free","Apartment"
"111","Beer Sheva",9000,2,4,47,"23/05/2024","Amidar","free","16/03/2020","Apartment","Beer Sheva","Amidar","free","Apartment"
"112","Arad",2560,2,4,52,"23/05/2024","Amidar","free","08/06/2022","Apartment","Arad","Amidar","free","Apartment"
"113","Hazor HaGalilit",2034,3,3,70,"23/05/2024","Amidar","free","14/04/2022","Apartment","Hazor HaGalilit","Amidar","free","Apartment"
"114","Dimona",2200,3,4,70,"23/05/2024","Amidar","free","02/11/2022","Apartment","Dimona","Amidar","free","Apartment"
"115","Mitzpe Ramon",99,3,4,64.8,"23/05/2024","Amidar","free","18/02/2024","Apartment","Mitzpe Ramon","Amidar","free","Apartment"
"116","Beer Sheva",9000,2.5,1,48.3,"23/05/2024","Amidar","free","03/07/2022","Apartment","Beer Sheva","Amidar","free","Apartment"
"117","Kiryat Shmona",2800,2,4,57,"23/05/2024","Amidar","free","16/03/2023","Apartment","Kiryat Shmona","Amidar","free","Apartment"
"118","Dimona",2200,3,3,53.1,"23/05/2024","Amidar","free","16/05/2022","Apartment","Dimona","Amidar","free","Apartment"
"119","Beer Sheva",9000,2,2,51,"23/05/2024","Amidar","free","27/04/2021","Apartment","Beer Sheva","Amidar","free","Apartment"
"120","Kiryat Gat",2630,2,3,48,"23/05/2024","Amidar","free","07/12/2023","Apartment","Kiryat Gat","Amidar","free","Apartment"
"121","Afula",7700,2,3,46.5,"23/05/2024","Amidar","free","04/04/2021","Apartment","Afula","Amidar","free","Apartment"
"122","Afula",7700,2,3,46.5,"23/05/2024","Amidar","free","04/04/2021","Apartment","Afula","Amidar","free","Apartment"
"123","Nof Hagalil",1061,1,3,37,"23/05/2024","Amidar","free","10/11/2022","Apartment","Nof Hagalil","Amidar","free","Apartment"
"124","Nof Hagalil",1061,1,5,34,"23/05/2024","Amidar","free","17/12/2023","Apartment","Nof Hagalil","Amidar","free","Apartment"
"125","Kiryat Shmona",2800,3,2,63.3,"23/05/2024","Amidar","free","19/06/2023","Apartment","Kiryat Shmona","Amidar","free","Apartment"
"126","Nesher",2500,2,2,57,"23/05/2024","Amidar","free","10/12/2023","Apartment","Nesher","Amidar","free","Apartment"
"127","Kiryat Shmona",2800,2,4,57,"23/05/2024","Amidar","free","18/05/2023","Apartment","Kiryat Shmona","Amidar","free","Apartment"
"128","Yeruham",831,2,2,48,"23/05/2024","Amidar","free","05/04/2022","Apartment","Yeruham","Amidar","free","Apartment"
"129","Beer Sheva",9000,3,4,57,"23/05/2024","Amidar","free","08/05/2023","Apartment","Beer Sheva","Amidar","free","Apartment"
"130","Beer Sheva",9000,2,2,53,"23/05/2024","Amidar","free","06/12/2023","Apartment","Beer Sheva","Amidar","free","Apartment"
"131","Beit Shean",9200,2,3,63,"23/05/2024","Amidar","free","04/01/2024","Apartment","Beit Shean","Amidar","free","Apartment"
"132","Beer Sheva",9000,2.5,2,45,"23/05/2024","Amidar","free","21/12/2021","Apartment","Beer Sheva","Amidar","free","Apartment"
"133","Arad",2560,2,4,38,"23/05/2024","Amidar","free","29/05/2022","Apartment","Arad","Amidar","free","Apartment"
"134","Katzrin",4100,1,1,44,"23/05/2024","Co. Ltd","free","10/12/2023","Apartment","Katzrin","Co. Ltd","free","Apartment"
"135","Tel Aviv Jaffa",5000,1.5,1,31.86,"23/05/2024","flint","free","27/11/2022","Apartment","Tel Aviv Jaffa","flint","free","Apartment"
"136","Arad",2560,2,4,57,"23/05/2024","Amidar","free","03/01/2022","Apartment","Arad","Amidar","free","Apartment"
"137","Kiryat Gat",2630,2,4,48,"23/05/2024","Amidar","free","07/01/2024","Apartment","Kiryat Gat","Amidar","free","Apartment"
"138","Haifa",4000,1,3,40,"23/05/2024","Shakmona","free","01/05/2023","Apartment","Haifa","Shakmona","free","Apartment"
"139","Katzrin",4100,3,2,75,"23/05/2024","Co. Ltd","free","24/10/2023","Apartment","Katzrin","Co. Ltd","free","Apartment"
"140","Maale Ephraim",3608,3,2,77,"23/05/2024","Co. Ltd","free","01/01/2021","Apartment","Maale Ephraim","Co. Ltd","free","Apartment"
"141","Netivot",246,3,3,70,"23/05/2024","Amigur","free","23/11/2023","Apartment","Netivot","Amigur","free","Apartment"
"142","Netivot",246,2,3,52,"23/05/2024","Amigur","free","08/12/2022","Apartment","Netivot","Amigur","free","Apartment"
"143","Netivot",246,3,4,70,"23/05/2024","Amigur","free","18/09/2023","Apartment","Netivot","Amigur","free","Apartment"
"144","Ofakim",31,3,1,64,"23/05/2024","Amigur","free","07/05/2023","Apartment","Ofakim","Amigur","free","Apartment"
"145","Ofakim",31,2,1,37,"23/05/2024","Amigur","free","09/03/2022","Apartment","Ofakim","Amigur","free","Apartment"
"146","Ofakim",31,2,2,55,"23/05/2024","Amigur","free","01/03/2023","Apartment","Ofakim","Amigur","free","Apartment"
"147","Yeruham",831,2,3,48,"23/05/2024","Amidar","free","11/04/2021","Apartment","Yeruham","Amidar","free","Apartment"
"148","Mitzpe Ramon",99,3,4,72,"23/05/2024","Amidar","free","10/10/2023","Apartment","Mitzpe Ramon","Amidar","free","Apartment"
"149","Arad",2560,2,4,57,"23/05/2024","Amidar","free","16/03/2021","Apartment","Arad","Amidar","free","Apartment"
"150","Or Akiva",1020,1.5,2,33,"23/05/2024","Amidar","free","26/11/2023","Apartment","Or Akiva","Amidar","free","Apartment"
"151","Mitzpe Ramon",99,3,3,74,"23/05/2024","Amidar","free","26/02/2023","Apartment","Mitzpe Ramon","Amidar","free","Apartment"
"152","Mitzpe Ramon",99,3,2,58.8,"23/05/2024","Amidar","free","20/10/2022","Apartment","Mitzpe Ramon","Amidar","free","Apartment"
"153","Ma'alot-Tarshiha",1063,2,3,46,"23/05/2024","Amidar","free","01/08/2022","Apartment","Ma'alot-Tarshiha","Amidar","free","Apartment"
"154","Beer Sheva",9000,2,4,47,"23/05/2024","Amidar","free","18/11/2019","Apartment","Beer Sheva","Amidar","free","Apartment"
"155","Dimona",2200,3,1,62,"23/05/2024","Amidar","free","15/12/2022","Apartment","Dimona","Amidar","free","Apartment"
"156","Beer Sheva",9000,2,4,47,"23/05/2024","Amidar","free","18/10/2021","Apartment","Beer Sheva","Amidar","free","Apartment"
"157","Dimona",2200,2,4,48,"23/05/2024","Amidar","free","04/07/2022","Apartment","Dimona","Amidar","free","Apartment"
"158","Dimona",2200,2,3,48,"23/05/2024","Amidar","free","12/03/2020","Apartment","Dimona","Amidar","free","Apartment"
"159","Kiryat Shmona",2800,2,4,60.6,"23/05/2024","Amidar","free","28/11/2022","Apartment","Kiryat Shmona","Amidar","free","Apartment"
"160","Dimona",2200,2,2,46.3,"23/05/2024","Amidar","free","02/03/2023","Apartment","Dimona","Amidar","free","Apartment"
"161","Kiryat Gat",2630,2,3,52,"23/05/2024","Amidar","free","25/01/2024","Apartment","Kiryat Gat","Amidar","free","Apartment"
"162","Yeruham",831,3,2,73,"23/05/2024","Amidar","free","25/03/2021","Apartment","Yeruham","Amidar","free","Apartment"
"163","Dimona",2200,3,4,63,"23/05/2024","Amidar","free","08/08/2021","Apartment","Dimona","Amidar","free","Apartment"
"164","Dimona",2200,2.5,2,53.1,"23/05/2024","Amidar","free","11/04/2022","Apartment","Dimona","Amidar","free","Apartment"
"165","Dimona",2200,3,4,54,"23/05/2024","Amidar","free","27/06/2022","Apartment","Dimona","Amidar","free","Apartment"
"166","Dimona",2200,3,3,54,"23/05/2024","Amidar","free","30/12/2019","Apartment","Dimona","Amidar","free","Apartment"
"167","Beer Sheva",9000,2,2,52,"23/05/2024","Amidar","free","28/12/2022","Apartment","Beer Sheva","Amidar","free","Apartment"
"168","Dimona",2200,3,3,53.1,"23/05/2024","Amidar","free","27/12/2020","Apartment","Dimona","Amidar","free","Apartment"
"169","Mitzpe Ramon",99,3,4,79,"23/05/2024","Amidar","free","11/10/2020","Apartment","Mitzpe Ramon","Amidar","free","Apartment"
"170","Kiryat Arba",3611,3,5,75,"23/05/2024","Amidar","free","29/09/2023","Apartment","Kiryat Arba","Amidar","free","Apartment"
"171","Sderot",1031,3,3,61,"23/05/2024","Amigur","free","23/03/2023","Apartment","Sderot","Amigur","free","Apartment"
"172","Yeruham",831,3,4,72,"23/05/2024","Amidar","free","30/08/2020","Apartment","Yeruham","Amidar","free","Apartment"
"173","Yeruham",831,2,3,48,"23/05/2024","Amidar","free","14/12/2021","Apartment","Yeruham","Amidar","free","Apartment"
"174","Beer Sheva",9000,2.5,2,45,"23/05/2024","Amidar","free","11/12/2022","Apartment","Beer Sheva","Amidar","free","Apartment"
"175","Mitzpe Ramon",99,2.5,1,53.9,"23/05/2024","Amidar","free","29/03/2022","Apartment","Mitzpe Ramon","Amidar","free","Apartment"
"176","Dimona",2200,2,4,56,"23/05/2024","Amidar","free","14/02/2023","Apartment","Dimona","Amidar","free","Apartment"
"177","Mitzpe Ramon",99,3,4,79,"23/05/2024","Amidar","free","03/11/2020","Apartment","Mitzpe Ramon","Amidar","free","Apartment"
"178","Mitzpe Ramon",99,5,2,110,"23/05/2024","Amidar","free","26/08/2019","Apartment","Mitzpe Ramon","Amidar","free","Apartment"
"179","Zefat",8000,2,3,50,"23/05/2024","Amidar","free","09/03/2023","Apartment","Zefat","Amidar","free","Apartment"
"180","Kiryat Shmona",2800,2,3,60.3,"23/05/2024","Amidar","free","14/09/2023","Apartment","Kiryat Shmona","Amidar","free","Apartment"
"181","Beer Sheva",9000,2,2,47.9,"23/05/2024","Amidar","free","05/12/2022","Apartment","Beer Sheva","Amidar","free","Apartment"
"182","Beer Sheva",9000,2,4,47,"23/05/2024","Amidar","free","06/01/2022","Apartment","Beer Sheva","Amidar","free","Apartment"
"183","Dimona",2200,2,2,48,"23/05/2024","Amidar","free","23/03/2023","Apartment","Dimona","Amidar","free","Apartment"
"184","Ma'alot-Tarshiha",1063,2,3,46,"23/05/2024","Amidar","free","29/11/2022","Apartment","Ma'alot-Tarshiha","Amidar","free","Apartment"
"185","Beer Sheva",9000,2.5,2,49,"23/05/2024","Amidar","free","15/07/2021","Apartment","Beer Sheva","Amidar","free","Apartment"
"186","Afula",7700,2,7,49.5,"23/05/2024","Amidar","free","07/12/2021","Apartment","Afula","Amidar","free","Apartment"
"187","Afula",7700,2,7,49.5,"23/05/2024","Amidar","free","07/12/2021","Apartment","Afula","Amidar","free","Apartment"
"188","Dimona",2200,3,3,54,"23/05/2024","Amidar","free","30/08/2022","Apartment","Dimona","Amidar","free","Apartment"
"189","Dimona",2200,2.5,1,42,"23/05/2024","Amidar","free","06/12/2023","Apartment","Dimona","Amidar","free","Apartment"
"190","Dimona",2200,3,3,54,"23/05/2024","Amidar","free","15/02/2021","Apartment","Dimona","Amidar","free","Apartment"
"191","Dimona",2200,2,4,52,"23/05/2024","Amidar","free","28/07/2020","Apartment","Dimona","Amidar","free","Apartment"
"192","Yeruham",831,3,3,54,"23/05/2024","Amidar","free","31/10/2021","Apartment","Yeruham","Amidar","free","Apartment"
"193","Hazor HaGalilit",2034,2,4,48,"23/05/2024","Amidar","free","27/01/2022","Apartment","Hazor HaGalilit","Amidar","free","Apartment"
"194","Hazor HaGalilit",2034,2,4,48,"23/05/2024","Amidar","free","11/08/2021","Apartment","Hazor HaGalilit","Amidar","free","Apartment"
"195","Yeruham",831,2,1,44,"23/05/2024","Amidar","free","09/12/2021","Apartment","Yeruham","Amidar","free","Apartment"
"196","Beit Shean",9200,3,2,63,"23/05/2024","Amidar","free","28/01/2024","Apartment","Beit Shean","Amidar","free","Apartment"
"197","Beer Sheva",9000,2.5,1,48,"23/05/2024","Amidar","free","04/07/2023","Apartment","Beer Sheva","Amidar","free","Apartment"
"198","Nof Hagalil",1061,2,5,50,"23/05/2024","Amidar","free","06/08/2023","Apartment","Nof Hagalil","Amidar","free","Apartment"
"199","Beit Shemesh",2610,3,4,87,"23/05/2024","Amidar","free","15/01/2024","Apartment","Beit Shemesh","Amidar","free","Apartment"
"200","Maale Ephraim",3608,3,2,77,"23/05/2024","Co. Ltd","free","01/11/2020","Apartment","Maale Ephraim","Co. Ltd","free","Apartment"
"201","Kiryat Shmona",2800,2,5,66,"23/05/2024","Amidar","free","06/09/2022","Apartment","Kiryat Shmona","Amidar","free","Apartment"
"202","Ma'alot-Tarshiha",1063,3,3,54,"23/05/2024","Amidar","free","02/03/2023","Apartment","Ma'alot-Tarshiha","Amidar","free","Apartment"
"203","Afula",7700,2,3,49,"23/05/2024","Amidar","free","01/08/2021","Apartment","Afula","Amidar","free","Apartment"
"204","Afula",7700,2,3,49,"23/05/2024","Amidar","free","01/08/2021","Apartment","Afula","Amidar","free","Apartment"
"205","Beit Shean",9200,3,3,65,"23/05/2024","Amidar","free","01/11/2023","Apartment","Beit Shean","Amidar","free","Apartment"
"206","Yeruham",831,3,2,76,"23/05/2024","Amidar","free","13/01/2022","Apartment","Yeruham","Amidar","free","Apartment"
"207","Arad",2560,2,4,38,"23/05/2024","Amidar","free","04/05/2023","Apartment","Arad","Amidar","free","Apartment"
"208","Dimona",2200,3,4,74,"23/05/2024","Amidar","free","31/12/2023","Apartment","Dimona","Amidar","free","Apartment"
"209","Acre",7600,2,4,54,"23/05/2024","Amidar","free","06/06/2023","Apartment","Acre","Amidar","free","Apartment"
"210","Nof Hagalil",1061,3,3,48,"23/05/2024","Amidar","free","28/11/2022","Apartment","Nof Hagalil","Amidar","free","Apartment"
"211","Beit Shemesh",2610,3,3,81,"23/05/2024","Amidar","free","13/08/2023","Apartment","Beit Shemesh","Amidar","free","Apartment"
"212","Katzrin",4100,2,1,52,"23/05/2024","Co. Ltd","free","10/12/2023","Apartment","Katzrin","Co. Ltd","free","Apartment"
"213","Migdal Haemek",874,3,4,72,"23/05/2024","Amigur","free","31/01/2024","Apartment","Migdal Haemek","Amigur","free","Apartment"
"214","Sderot",1031,3,3,61,"23/05/2024","Amigur","free","28/12/2022","Apartment","Sderot","Amigur","free","Apartment"
"215","Ofakim",31,2,3,55,"23/05/2024","Amigur","free","12/03/2023","Apartment","Ofakim","Amigur","free","Apartment"
"216","Yeruham",831,2,3,53,"23/05/2024","Amidar","free","21/07/2021","Apartment","Yeruham","Amidar","free","Apartment"
"217","Yeruham",831,3,3,54,"23/05/2024","Amidar","free","13/06/2022","Apartment","Yeruham","Amidar","free","Apartment"
"218","Dimona",2200,2.5,3,50,"23/05/2024","Amidar","free","31/12/2020","Apartment","Dimona","Amidar","free","Apartment"
"219","Yeruham",831,3,1,52.7,"23/05/2024","Amidar","free","13/02/2024","Apartment","Yeruham","Amidar","free","Apartment"
"220","Afula",7700,2,2,45.8,"23/05/2024","Amidar","free","15/03/2022","Apartment","Afula","Amidar","free","Apartment"
"221","Afula",7700,2,2,45.8,"23/05/2024","Amidar","free","15/03/2022","Apartment","Afula","Amidar","free","Apartment"
"222","Beer Sheva",9000,2.5,3,42.4,"23/05/2024","Amidar","free","25/04/2023","Apartment","Beer Sheva","Amidar","free","Apartment"
"223","Dimona",2200,3,3,59,"23/05/2024","Amidar","free","14/05/2020","Apartment","Dimona","Amidar","free","Apartment"
"224","Dimona",2200,3,4,70,"23/05/2024","Amidar","free","27/04/2021","Apartment","Dimona","Amidar","free","Apartment"
"225","Mitzpe Ramon",99,2.5,2,53.9,"23/05/2024","Amidar","free","05/03/2023","Apartment","Mitzpe Ramon","Amidar","free","Apartment"
"226","Yeruham",831,3,3,60,"23/05/2024","Amidar","free","30/09/2020","Apartment","Yeruham","Amidar","free","Apartment"
"227","Afula",7700,3,3,58.7,"23/05/2024","Amidar","free","13/02/2024","Apartment","Afula","Amidar","free","Apartment"
"228","Afula",7700,3,3,58.7,"23/05/2024","Amidar","free","13/02/2024","Apartment","Afula","Amidar","free","Apartment"
"229","Kiryat Shmona",2800,2,3,67.5,"23/05/2024","Amidar","free","07/11/2021","Apartment","Kiryat Shmona","Amidar","free","Apartment"
"230","Kiryat Gat",2630,2,3,48,"23/05/2024","Amidar","free","06/02/2024","Apartment","Kiryat Gat","Amidar","free","Apartment"
"231","Yeruham",831,3,2,65,"23/05/2024","Amidar","free","04/03/2019","Apartment","Yeruham","Amidar","free","Apartment"
"232","Dimona",2200,2,2,50,"23/05/2024","Amidar","free","22/02/2024","Apartment","Dimona","Amidar","free","Apartment"
"233","Yeruham",831,2,1,48,"23/05/2024","Amidar","free","15/03/2023","Apartment","Yeruham","Amidar","free","Apartment"
"234","Afula",7700,3,4,62.5,"23/05/2024","Amidar","free","14/01/2021","Apartment","Afula","Amidar","free","Apartment"
"235","Afula",7700,3,4,62.5,"23/05/2024","Amidar","free","14/01/2021","Apartment","Afula","Amidar","free","Apartment"
"236","Yeruham",831,2,3,48,"23/05/2024","Amidar","free","08/08/2023","Apartment","Yeruham","Amidar","free","Apartment"
"237","Afula",7700,2,2,47.1,"23/05/2024","Amidar","free","04/01/2021","Apartment","Afula","Amidar","free","Apartment"
"238","Afula",7700,2,2,47.1,"23/05/2024","Amidar","free","04/01/2021","Apartment","Afula","Amidar","free","Apartment"
"239","Yeruham",831,3,2,76,"23/05/2024","Amidar","free","28/12/2021","Apartment","Yeruham","Amidar","free","Apartment"
"240","Yeruham",831,3,3,54,"23/05/2024","Amidar","free","24/03/2020","Apartment","Yeruham","Amidar","free","Apartment"
"241","Arad",2560,2.5,4,47,"23/05/2024","Amidar","free","08/07/2021","Apartment","Arad","Amidar","free","Apartment"
"242","Atlit",53,3,3,56,"23/05/2024","Amidar","free","23/01/2024","Apartment","Atlit","Amidar","free","Apartment"
"243","Beer Sheva",9000,3.5,3,70,"23/05/2024","Amidar","free","05/09/2023","Apartment","Beer Sheva","Amidar","free","Apartment"
"244","Dimona",2200,2.5,3,48,"23/05/2024","Amidar","free","21/06/2020","Apartment","Dimona","Amidar","free","Apartment"
"245","Katzrin",4100,1,0,34,"23/05/2024","Co. Ltd","free","01/01/2022","Apartment","Katzrin","Co. Ltd","free","Apartment"
"246","Katzrin",4100,2,2,48,"23/05/2024","Co. Ltd","free","01/01/2021","Apartment","Katzrin","Co. Ltd","free","Apartment"
"247","Ofakim",31,2,3,54,"23/05/2024","Amigur","free","03/04/2023","Apartment","Ofakim","Amigur","free","Apartment"
"248","Dimona",2200,3,3,53.1,"23/05/2024","Amidar","free","06/06/2021","Apartment","Dimona","Amidar","free","Apartment"
"249","Beer Sheva",9000,2,3,47,"23/05/2024","Amidar","free","12/11/2023","Apartment","Beer Sheva","Amidar","free","Apartment"
"250","Beit Shean",9200,3,3,84,"23/05/2024","Amidar","free","16/11/2023","Apartment","Beit Shean","Amidar","free","Apartment"
"251","Beer Sheva",9000,2.5,4,54.4,"23/05/2024","Amidar","free","29/12/2020","Apartment","Beer Sheva","Amidar","free","Apartment"
"252","Gadida-Makr",1292,3,3,71,"23/05/2024","Amidar","free","03/11/2021","Apartment","Gadida-Makr","Amidar","free","Apartment"
"253","Dimona",2200,3,3,62,"23/05/2024","Amidar","free","16/02/2021","Apartment","Dimona","Amidar","free","Apartment"
"254","Dimona",2200,3,2,53.1,"23/05/2024","Amidar","free","26/09/2023","Apartment","Dimona","Amidar","free","Apartment"
"255","Mitzpe Ramon",99,3,2,64.8,"23/05/2024","Amidar","free","20/04/2023","Apartment","Mitzpe Ramon","Amidar","free","Apartment"
"256","Yeruham",831,2,1,48,"23/05/2024","Amidar","free","06/10/2021","Apartment","Yeruham","Amidar","free","Apartment"
"257","Mitzpe Ramon",99,3,3,64.8,"23/05/2024","Amidar","free","09/08/2020","Apartment","Mitzpe Ramon","Amidar","free","Apartment"
"258","Mitzpe Ramon",99,3,1,65,"23/05/2024","Amidar","free","01/06/2023","Apartment","Mitzpe Ramon","Amidar","free","Apartment"
"259","Dimona",2200,2,2,46.3,"23/05/2024","Amidar","free","14/02/2024","Apartment","Dimona","Amidar","free","Apartment"
"260","Beer Sheva",9000,2,4,56,"23/05/2024","Amidar","free","20/12/2023","Apartment","Beer Sheva","Amidar","free","Apartment"
"261","Arad",2560,2,4,38,"23/05/2024","Amidar","free","09/11/2023","Apartment","Arad","Amidar","free","Apartment"
"262","Afula",7700,2,4,55.5,"23/05/2024","Amidar","free","15/12/2019","Apartment","Afula","Amidar","free","Apartment"
"263","Afula",7700,2,4,55.5,"23/05/2024","Amidar","free","15/12/2019","Apartment","Afula","Amidar","free","Apartment"
"264","Mitzpe Ramon",99,4,4,89,"23/05/2024","Amidar","free","07/06/2020","Apartment","Mitzpe Ramon","Amidar","free","Apartment"
"265","Beit Shean",9200,3.5,3,68.4,"23/05/2024","Amidar","free","28/01/2024","Apartment","Beit Shean","Amidar","free","Apartment"
"266","Nof Hagalil",1061,1,4,34,"23/05/2024","Amidar","free","03/01/2023","Apartment","Nof Hagalil","Amidar","free","Apartment"
"267","Kiryat Shmona",2800,2,4,57,"23/05/2024","Amidar","free","12/06/2022","Apartment","Kiryat Shmona","Amidar","free","Apartment"
"268","Dimona",2200,2,3,52,"23/05/2024","Amidar","free","07/02/2024","Apartment","Dimona","Amidar","free","Apartment"
"269","Kiryat Shmona",2800,3,3,57.8,"23/05/2024","Amidar","free","23/10/2022","Apartment","Kiryat Shmona","Amidar","free","Apartment"
"270","Yeruham",831,2,2,44,"23/05/2024","Amidar","free","15/03/2023","Apartment","Yeruham","Amidar","free","Apartment"
"271","Beer Sheva",9000,2.5,3,42.4,"23/05/2024","Amidar","free","07/07/2020","Apartment","Beer Sheva","Amidar","free","Apartment"
"272","Haifa",4000,1,1,26.5,"23/05/2024","Amidar","free","10/03/2022","Apartment","Haifa","Amidar","free","Apartment"
"273","Tirat Carmel",2100,2,4,45,"23/05/2024","Amidar","free","31/10/2023","Apartment","Tirat Carmel","Amidar","free","Apartment"
"274","Hazor HaGalilit",2034,2,5,50,"23/05/2024","Amidar","free","02/09/2021","Apartment","Hazor HaGalilit","Amidar","free","Apartment"
"275","Arad",2560,2,4,38,"23/05/2024","Amidar","free","21/07/2021","Apartment","Arad","Amidar","free","Apartment"
"276","Afula",7700,2,4,47,"23/05/2024","Amidar","free","01/09/2020","Apartment","Afula","Amidar","free","Apartment"
"277","Afula",7700,2,4,47,"23/05/2024","Amidar","free","01/09/2020","Apartment","Afula","Amidar","free","Apartment"
