CityLMSName,Floor,NoRooms,OneRooms,TwoRooms,ThreeRooms,FourRooms,FiveRooms,SixRooms,SevenRooms,EightRooms,NineRooms,TenRooms,MoreRooms
קרית ארבע,2,0,5,2,39,6,0,0,0,0,0,0,0
גדידה-מכר,3,0,0,0,13,0,0,0,0,0,0,0,0
רמת גן,5,0,0,0,5,3,0,0,0,0,0,0,0
פתח תקוה,19,0,0,0,0,1,0,0,0,0,0,0,0
עין יהב,1,0,0,0,1,0,0,0,0,0,0,0,0
מעלות-תרשיחא,2,0,3,36,76,7,0,0,0,0,0,0,0
רחובות,3,0,3,13,47,9,3,0,0,0,0,0,0
אור עקיבא,5,0,0,0,0,1,1,0,0,0,0,0,0
לוד,2,0,1,75,102,35,0,0,0,0,0,0,0
אזור,4,0,1,0,11,0,0,0,0,0,0,0,0
עפרים,3,0,0,0,1,0,0,0,0,0,0,0,0
רמלה,4,0,0,27,55,7,1,0,0,0,0,0,0
גני תקוה,4,0,0,0,6,0,0,0,0,0,0,0,0
הוד השרון,1,0,7,25,19,26,8,2,0,0,0,0,0
מעלה אדומים,4,0,0,0,2,0,0,0,0,0,0,0,0
פתח תקוה,13,0,0,0,1,0,0,0,0,0,0,0,0
רחובות,6,0,0,1,6,2,0,0,0,0,0,0,0
גבעת שמואל,4,0,0,8,3,0,0,0,0,0,0,0,0
אור עקיבא,2,0,9,28,33,1,0,0,0,0,0,0,0
מצפה רמון,2,0,0,24,75,27,3,2,0,0,0,0,0
קרית אונו,7,0,0,0,1,0,0,0,0,0,0,0,0
רמת גן,8,0,0,0,4,0,0,0,0,0,0,0,0
עתלית,2,0,0,6,18,0,0,0,0,0,0,0,0
בני ברק,2,0,2,27,45,24,0,0,0,0,0,0,0
רמת גן,2,0,12,36,19,4,0,0,0,0,0,0,0
רחובות,0,0,0,1,0,0,0,0,0,0,0,0,0
הוד השרון,4,0,0,7,3,0,0,0,0,0,0,0,0
רמלה,1,0,17,50,130,23,4,0,0,0,0,0,0
מעלות-תרשיחא,5,0,0,3,12,0,0,0,0,0,0,0,0
לוד,5,0,0,0,2,3,0,0,0,0,0,0,0
גני תקוה,1,0,7,2,5,1,1,0,0,0,0,0,0
מעלה אדומים,1,0,0,0,2,3,0,0,0,0,0,0,0
גבעת שמואל,1,0,7,3,5,1,0,0,0,0,0,0,0
ביתר עלית,-3,0,0,0,0,1,0,0,0,0,0,0,0
שקד,1,0,0,0,1,0,0,0,0,0,0,0,0
בת ים,7,0,0,1,4,2,0,0,0,0,0,0,0
סוסיה,1,0,0,0,2,0,0,0,0,0,0,0,0
בת ים,10,0,0,0,0,1,0,0,0,0,0,0,0
אשדוד,8,0,0,0,7,3,0,0,0,0,0,0,0
אבני חפץ,2,0,0,0,3,0,0,0,0,0,0,0,0
חצור הגלילית,2,0,0,15,47,6,1,1,0,0,0,0,0
בני ברק,5,0,0,6,9,0,1,0,0,0,0,0,0
כפר סבא,1,0,4,24,44,9,1,0,0,0,0,0,0
צפת,7,0,0,13,18,2,0,0,0,0,0,0,0
חרמש,1,0,0,0,5,0,0,0,0,0,0,0,0
בית אל,1,0,0,0,8,5,0,0,0,0,0,0,0
קרית אתא,2,0,16,74,62,8,1,1,0,0,0,0,0
מגדל העמק,8,0,0,0,0,4,0,0,0,0,0,0,0
צפת,1,0,2,37,86,9,1,1,0,0,0,0,0
מגדל העמק,2,0,1,99,120,19,0,0,0,0,0,0,0
בית דגן,2,0,1,2,6,0,0,0,0,0,0,0,0
חצור הגלילית,5,0,0,1,4,0,0,0,0,0,0,0,0
נהריה,0,0,0,0,2,2,0,0,0,0,0,0,0
כפר סבא,7,0,0,0,1,0,0,0,0,0,0,0,0
רמלה,7,0,1,0,7,1,0,0,0,0,0,0,0
רמת ישי,1,0,3,0,5,0,0,0,0,0,0,0,0
מגדל העמק,5,0,0,0,1,5,0,0,0,0,0,0,0
ראשון לציון,1,0,16,40,107,42,4,0,0,0,0,0,0
כפר סבא,4,0,0,1,18,4,0,0,0,0,0,0,0
צפת,10,0,0,1,6,0,0,0,0,0,0,0,0
קרית ים,0,0,4,4,1,1,1,1,0,0,0,0,0
צפת,4,0,0,28,32,6,0,0,0,0,0,0,0
עלי,1,0,0,0,32,0,0,0,0,0,0,0,0
אילת,10,0,0,0,0,1,0,0,0,0,0,0,0
נוף הגליל,8,0,0,4,13,2,0,0,0,0,0,0,0
נתניה,5,0,0,3,20,10,1,0,0,0,0,0,0
תל מונד,3,0,0,0,2,1,0,0,0,0,0,0,0
יהוד,9,0,0,0,0,1,0,0,0,0,0,0,0
טירת כרמל,1,0,45,90,73,14,0,0,0,0,0,0,0
יקנעם עלית,4,0,1,7,6,1,0,0,0,0,0,0,0
עפולה,10,0,0,0,3,0,0,0,0,0,0,0,0
רכסים,2,0,0,3,1,3,0,0,0,0,0,0,0
רמת השרון,7,0,0,0,0,2,0,0,0,0,0,0,0
ראש פנה,2,0,0,0,7,0,0,0,0,0,0,0,0
פרדס חנה-כרכו,2,0,7,20,11,1,1,0,0,0,0,0,0
צפת,9,0,0,1,15,3,0,0,0,0,0,0,0
רמת השרון,13,0,0,0,0,2,0,0,0,0,0,0,0
אילת,7,0,0,0,3,2,0,0,0,0,0,0,0
קרית ביאליק,2,0,38,48,25,3,1,0,0,0,0,0,0
ביתר עלית,0,0,0,0,2,3,1,0,0,0,0,0,0
עפולה,4,0,2,57,106,14,1,1,0,0,0,0,0
יקנעם עלית,1,0,5,17,9,5,1,0,0,0,0,0,0
מעלה לבונה,1,0,0,0,3,0,0,0,0,0,0,0,0
תל אביב -יפו,11,0,0,0,1,1,0,0,0,0,0,0,0
נתניה,2,0,13,38,112,32,8,0,0,0,0,0,0
רמת השרון,10,0,0,0,0,1,0,0,0,0,0,0,0
עפולה,7,0,0,32,21,3,0,0,0,0,0,0,0
רמת השרון,4,0,0,6,4,1,0,0,0,0,0,0,0
אילת,4,0,0,8,27,7,0,0,0,0,0,0,0
שדי אברהם,0,0,0,0,2,0,0,0,0,0,0,0,0
עכו,2,0,38,87,74,12,0,0,0,0,0,0,0
גדידה-מכר,1,0,0,10,14,0,0,0,0,0,0,0,0
ארגמן,1,0,0,0,1,0,0,0,0,0,0,0,0
אזור,2,0,0,0,9,1,0,0,0,0,0,0,0
קרית ארבע,4,0,1,0,21,8,0,0,0,0,0,0,0
ירושלים,10,0,0,0,3,1,0,0,0,0,0,0,0
אריאל,1,0,0,8,6,0,0,0,0,0,0,0,0
עפרים,1,0,0,0,0,2,0,0,0,0,0,0,0
פתח תקוה,11,0,0,0,0,1,0,0,0,0,0,0,0
אשדוד,16,0,0,0,0,1,0,0,0,0,0,0,0
פתח תקוה,8,0,0,0,3,2,0,0,0,0,0,0,0
אלקנה,0,0,0,0,0,0,1,0,0,0,0,0,0
חריש,0,0,0,0,1,0,0,0,0,0,0,0,0
חיפה,3,0,25,102,96,33,3,0,0,0,0,0,0
בת ים,2,0,2,57,96,19,1,0,0,0,0,0,0
קרית ביאליק,5,0,0,0,2,2,0,0,0,0,0,0,0
קרית ארבע,1,0,2,9,30,15,0,0,0,0,0,0,0
אריאל,4,0,0,0,4,0,0,0,0,0,0,0,0
חיפה,0,0,10,30,20,12,2,0,1,0,0,0,0
עין שריד,1,0,1,1,1,1,0,0,0,0,0,0,0
חברון,1,0,0,0,0,0,0,0,1,0,0,0,0
ירושלים,7,0,0,0,16,9,0,0,0,0,0,0,0
ירושלים,13,0,0,0,1,0,0,0,0,0,0,0,0
פתח תקוה,5,0,0,0,6,13,0,0,0,0,0,0,0
קרית טבעון,4,0,0,0,0,2,0,0,0,0,0,0,0
כלנית,0,0,0,0,9,0,0,0,0,0,0,0,0
קרית ביאליק,8,0,0,0,1,3,0,0,0,0,0,0,0
נשר,12,0,0,0,0,1,0,0,0,0,0,0,0
מעלות-תרשיחא,4,0,0,2,36,5,0,0,0,0,0,0,0
רמלה,2,0,0,43,70,30,3,0,0,0,0,0,0
ירוחם,1,0,5,63,104,19,8,7,1,0,0,0,0
כפר יונה,2,0,0,3,4,4,0,0,0,0,0,0,0
בית שאן,3,0,0,1,113,105,1,1,0,1,0,0,0
כחל,,0,0,0,1,0,0,0,0,0,0,0,0
בת ים,8,0,0,0,5,3,0,0,0,0,0,0,0
חיפה,1,0,58,118,140,36,3,0,0,0,0,0,0
מודיעין עילית,5,0,0,0,0,1,0,0,0,0,0,0,0
קרית נטפים,1,0,0,0,10,0,0,0,0,0,0,0,0
עין שריד,0,0,0,0,0,1,0,0,0,0,0,0,0
זכרון יעקב,2,0,1,2,1,4,0,0,0,0,0,0,0
אספר,0,0,0,0,5,0,0,0,0,0,0,0,0
רמת ישי,0,0,0,0,1,0,0,0,0,0,0,0,0
קרית שמונה,6,0,0,0,1,8,0,0,0,0,0,0,0
ראשון לציון,0,0,1,0,1,0,0,0,0,0,0,0,0
פתח תקוה,4,0,0,33,56,7,3,0,0,0,0,0,0
נשר,5,0,7,1,6,3,0,0,0,0,0,0,0
ראשון לציון,6,0,0,0,10,4,0,0,0,0,0,0,0
כפר סבא,5,0,0,0,6,0,0,0,0,0,0,0,0
קרית גת,15,0,0,0,0,1,0,0,0,0,0,0,0
נעמי,0,0,0,0,3,0,0,0,0,0,0,0,0
חולון,0,0,0,2,6,0,0,0,0,0,0,0,0
רעננה,3,0,0,2,8,3,2,0,0,0,0,0,0
כרמיאל,9,0,0,0,0,3,0,0,0,0,0,0,0
חיפה,7,0,5,5,17,10,1,0,0,0,0,0,0
אשקלון,8,0,0,0,8,1,0,0,0,0,0,0,0
קרית שמונה,9,0,0,0,8,4,0,0,0,0,0,0,0
פתח תקוה,10,0,0,0,3,0,0,0,0,0,0,0,0
כפר סבא,2,0,0,15,25,6,1,0,0,0,0,0,0
ראשון לציון,3,0,2,23,74,43,2,0,0,0,0,0,0
פתח תקוה,7,0,0,0,1,0,0,0,0,0,0,0,0
יבול,0,0,0,0,3,0,0,0,0,0,0,0,0
חולון,3,0,9,37,69,16,4,0,0,0,0,0,0
חיפה,4,0,16,70,76,18,0,0,0,0,0,0,0
חריש,1,0,0,0,3,1,0,0,0,0,0,0,0
קרית גת,12,0,0,0,0,1,0,0,0,0,0,0,0
אשקלון,5,0,0,4,9,5,1,0,0,0,0,0,0
"בני עי""ש",2,0,0,0,1,0,0,0,0,0,0,0,0
נוף הגליל,12,0,0,0,0,4,0,0,0,0,0,0,0
יקנעם עלית,8,0,0,0,1,0,0,0,0,0,0,0,0
תל מונד,1,0,0,6,4,1,6,0,0,0,0,0,0
נתניה,7,0,0,1,11,9,1,0,0,0,0,0,0
מעלות-תרשיחא,0,0,0,1,2,3,1,0,0,0,0,0,0
מעלה אדומים,2,0,0,0,3,1,0,0,0,0,0,0,0
עפולה,3,0,2,52,182,41,0,0,0,0,0,0,0
נשר,8,0,0,0,2,4,0,0,0,0,0,0,0
מעלות-תרשיחא,6,0,0,0,3,2,0,0,0,0,0,0,0
יקנעם עלית,2,0,6,11,11,4,0,0,0,0,0,0,0
יתד,0,0,0,0,2,0,0,0,0,0,0,0,0
נוף הגליל,3,0,7,126,226,21,0,4,0,0,0,0,0
בית שאן,5,0,0,0,13,2,0,0,0,0,0,0,0
נתניה,1,0,73,74,138,58,11,2,0,0,0,0,0
עפולה,6,0,0,32,33,6,1,0,0,0,0,0,0
אור יהודה,2,0,0,13,18,2,0,0,0,0,0,0,0
קרית אונו,5,0,0,0,1,3,0,0,0,0,0,0,0
באר יעקב,3,0,0,3,18,0,0,0,0,0,0,0,0
"בני עי""ש",5,0,0,0,1,0,0,0,0,0,0,0,0
מעלות-תרשיחא,3,0,0,31,63,9,0,0,0,0,0,0,0
נתניה,4,0,0,19,79,30,2,0,0,0,0,0,0
הרצליה,4,0,6,10,9,2,0,0,0,0,0,0,0
קרית עקרון,4,0,0,1,1,0,0,0,0,0,0,0,0
מטולה,2,0,0,0,0,2,0,0,0,0,0,0,0
עמנואל,1,0,0,0,0,0,1,0,0,0,0,0,0
יקנעם עלית,5,0,0,0,0,5,0,0,0,0,0,0,0
ראש פנה,1,0,0,3,11,0,2,0,0,0,0,0,0
עפולה,9,0,0,2,3,0,0,0,0,0,0,0,0
בית שאן,2,0,2,19,123,86,1,0,0,1,0,0,0
נוף הגליל,6,0,0,14,30,2,0,0,0,0,0,0,0
אשדוד,10,0,0,0,0,1,0,0,0,0,0,0,0
רמת השרון,19,0,0,0,0,1,0,0,0,0,0,0,0
תל אביב -יפו,2,0,25,153,201,75,11,1,0,0,0,0,0
קרית מלאכי,2,0,0,34,33,16,1,0,0,0,0,0,0
קרית מוצקין,9,0,0,0,0,0,1,0,0,0,0,0,0
מגדל העמק,4,0,0,6,80,11,0,0,0,0,0,0,0
אילת,1,0,5,19,60,12,1,0,0,0,0,0,0
לוד,8,0,0,0,1,2,0,0,0,0,0,0,0
קרית מוצקין,6,0,0,0,0,0,1,0,0,0,0,0,0
תל אביב -יפו,8,0,0,1,24,4,0,0,0,0,0,0,0
אשדוד,4,0,5,133,121,41,5,0,0,0,0,0,0
קרית מוצקין,0,0,2,1,0,0,0,0,0,0,0,0,0
אלעד,2,0,0,0,5,5,0,0,0,0,0,0,0
קדימה-צורן,0,0,0,1,1,1,0,0,0,0,0,0,0
גדרה,0,0,0,0,0,1,0,0,0,0,0,0,0
יצהר,1,0,0,0,2,0,0,0,0,0,0,0,0
אשדוד,7,0,0,0,10,14,3,0,0,0,0,0,0
רמת השרון,16,0,0,0,0,1,0,0,0,0,0,0,0
קרית מלאכי,5,0,0,0,0,3,0,0,0,0,0,0,0
קרית מוצקין,3,0,0,3,18,2,0,0,0,0,0,0,0
קדימה-צורן,3,0,0,2,4,1,0,0,0,0,0,0,0
חצבה,0,0,0,0,3,0,0,0,0,0,0,0,0
תל אביב -יפו,5,0,0,6,49,13,0,0,0,0,0,0,0
מגדל העמק,1,0,6,78,128,34,5,0,0,0,0,0,0
מגדל העמק,7,0,0,0,4,5,0,0,0,0,0,0,0
גדרה,3,0,0,0,1,1,0,0,0,0,0,0,0
ביתר עלית,3,0,0,0,2,0,0,0,0,0,0,0,0
רחובות,1,0,5,49,70,31,13,1,0,0,0,0,0
נס ציונה,3,0,1,4,13,2,1,0,0,0,0,0,0
קרית ים,3,0,7,32,56,8,0,0,0,0,0,0,0
גני תקוה,2,0,0,0,10,1,0,0,0,0,0,0,0
ערד,5,0,0,0,3,5,0,0,0,0,0,0,0
פוריה-נוה עוב,1,0,1,1,1,0,0,0,0,0,0,0,0
תלמי יוסף,0,0,0,0,0,1,0,0,0,0,0,0,0
כפר יונה,8,0,0,0,1,0,0,0,0,0,0,0,0
שלומי,4,0,0,5,4,5,0,0,0,0,0,0,0
אבני איתן,0,0,0,0,8,0,0,0,0,0,0,0,0
ראש העין,2,0,0,2,15,7,4,0,0,0,0,0,0
ערד,2,0,6,21,21,8,1,0,0,0,0,0,0
נס ציונה,6,0,0,0,0,1,0,0,0,0,0,0,0
צופר,0,0,0,0,2,0,0,0,0,0,0,0,0
רחובות,4,0,1,14,37,7,0,0,0,0,0,0,0
רמלה,13,0,0,0,0,1,0,0,0,0,0,0,0
גני תקוה,5,0,0,0,1,0,0,0,0,0,0,0,0
ערד,8,0,0,0,1,0,0,0,0,0,0,0,0
קרני שומרון,1,0,0,0,35,8,6,0,0,0,0,0,0
גבעת שמואל,3,0,0,5,2,0,0,0,0,0,0,0,0
רחובות,7,0,0,1,2,3,0,0,0,0,0,0,0
שלומי,1,0,1,3,40,25,2,0,1,0,0,0,0
קצרין,1,0,4,2,24,5,0,0,0,0,0,0,0
קרית ים,9,0,0,0,0,1,0,0,0,0,0,0,0
נצרת,3,0,0,0,7,4,0,0,0,0,0,0,0
קרית שמונה,2,0,4,19,150,115,1,1,0,0,0,0,0
ספיר,0,0,0,0,3,0,0,0,0,0,0,0,0
רחובות,10,0,0,0,0,1,0,0,0,0,0,0,0
צחר,1,0,0,0,17,3,0,0,0,0,0,0,0
חולון,10,0,0,0,1,0,0,0,0,0,0,0,0
קרית אתא,0,0,0,0,1,0,1,0,0,0,0,0,0
חדרה,0,0,0,0,0,2,0,0,0,0,0,0,0
קרית גת,5,0,0,7,11,2,0,0,0,0,0,0,0
כרמיאל,2,0,0,24,82,7,0,0,0,0,0,0,0
כמהין,1,0,0,0,4,0,0,0,0,0,0,0,0
רעננה,0,0,0,2,2,2,0,0,0,0,0,0,0
ראשון לציון,,0,0,0,4,0,0,0,0,0,0,0,0
קרית ים,5,0,0,2,1,1,1,0,0,0,0,0,0
ערד,7,0,0,0,7,3,0,0,0,0,0,0,0
עין תמר,0,0,0,0,1,0,0,0,0,0,0,0,0
חולון,6,0,1,5,7,11,0,0,0,0,0,0,0
קרית אתא,4,0,0,42,44,4,3,0,0,0,0,0,0
קרית אתא,10,0,0,0,0,1,0,0,0,0,0,0,0
קרית גת,3,0,0,146,160,27,2,0,0,0,0,0,0
קרית גת,9,0,0,0,1,0,0,0,0,0,0,0,0
נצני סיני,1,0,0,0,2,0,0,0,0,0,0,0,0
קרית ים,8,0,3,1,3,0,0,0,0,0,0,0,0
אשקלון,2,0,10,156,167,50,1,1,0,0,0,0,0
מגדלים,1,0,0,0,4,0,0,0,0,0,0,0,0
קרית שמונה,3,0,0,28,122,100,1,0,0,1,0,0,0
רמלה,15,0,0,0,0,1,1,0,0,0,0,0,0
יבנה,2,0,0,13,18,11,2,0,0,0,0,0,0
חולון,9,0,2,6,5,1,0,0,0,0,0,0,0
אור יהודה,11,0,0,0,1,0,0,0,0,0,0,0,0
נשר,2,0,12,21,34,2,0,0,0,0,0,0,0
באר שבע,6,0,2,1,26,16,0,0,0,0,0,0,0
קרית אתא,7,0,0,2,10,0,0,0,0,0,0,0,0
קרית ים,2,0,19,45,67,3,0,0,0,0,0,0,0
קרית עקרון,1,0,2,4,16,13,1,0,0,0,0,0,0
קרית אתא,1,0,55,50,58,9,1,1,0,1,0,0,0
קרית גת,6,0,0,3,2,0,0,0,0,0,0,0,0
קרית מלאכי,0,0,0,0,0,1,0,0,0,0,0,0,0
ראשון לציון,9,0,0,0,2,0,0,0,0,0,0,0,0
קרית שמונה,0,0,0,0,0,5,0,1,0,0,0,0,0
גבעתים,1,0,1,10,5,0,0,0,0,0,0,0,0
קרית מלאכי,6,0,0,0,0,2,0,0,0,0,0,0,0
קרית מוצקין,4,0,1,2,6,2,0,0,0,0,0,0,0
אור יהודה,8,0,0,0,1,0,0,0,0,0,0,0,0
תל אביב -יפו,4,0,2,56,110,34,4,0,0,0,0,0,0
באר שבע,3,0,10,314,405,80,1,5,0,0,0,0,0
ביריה,1,0,0,0,0,1,0,0,0,0,0,0,0
דימונה,3,0,21,270,274,69,4,1,0,0,0,0,0
קציר,1,0,0,0,3,0,0,0,0,0,0,0,0
רמת גן,10,0,0,0,1,0,0,0,0,0,0,0,0
באר שבע,0,0,1,10,55,6,1,1,0,0,0,0,1
גבעתים,4,0,1,2,1,0,0,0,0,0,0,0,0
אבן יהודה,3,0,0,1,1,0,0,0,0,0,0,0,0
קרית מלאכי,3,0,0,36,36,11,0,0,0,0,0,0,0
לוד,7,0,0,0,2,4,0,0,0,0,0,0,0
נהריה,8,0,0,0,7,1,0,0,0,0,0,0,0
דימונה,0,0,0,2,1,7,0,0,0,0,0,0,0
רמת גן,7,0,0,0,1,0,0,0,0,0,0,0,0
נס ציונה,7,0,0,0,0,1,0,0,0,0,0,0,0
טבריה,3,0,0,39,126,33,1,7,0,1,0,0,0
חצור הגלילית,4,0,0,6,30,0,0,0,0,0,0,0,0
קרית מוצקין,13,0,0,0,0,1,0,0,0,0,0,0,0
קרית מוצקין,7,0,0,0,2,0,0,0,0,0,0,0,0
בני ברק,3,0,0,26,34,15,0,0,0,0,0,0,0
אשדוד,0,0,0,0,20,7,1,0,0,0,0,0,0
גבעת שמואל,2,0,0,1,1,3,0,0,0,0,0,0,0
אופקים,1,0,13,92,173,27,5,6,3,0,0,0,0
שלומי,0,0,0,0,1,0,0,0,0,0,0,0,0
מזכרת בתיה,3,0,0,1,6,0,0,0,0,0,0,0,0
ברקת,0,0,0,8,0,1,0,0,0,0,0,0,0
מגדל העמק,0,0,17,89,20,3,0,0,0,0,0,0,0
ראש העין,0,0,1,1,3,1,0,0,0,0,0,0,0
נס ציונה,4,0,1,0,9,2,0,0,0,0,0,0,0
חספין,1,0,0,0,47,0,0,0,0,0,0,0,0
נוף הגליל,14,0,0,0,0,3,0,0,0,0,0,0,0
יקיר,1,0,0,0,3,0,0,0,0,0,0,0,0
בית דגן,1,0,2,2,5,1,0,0,0,0,0,0,0
חצור הגלילית,0,0,0,1,0,0,0,0,0,0,0,0,0
קרית טבעון,5,0,0,0,2,0,0,0,0,0,0,0,0
נהריה,5,0,0,0,2,1,0,0,0,0,0,0,0
מנחמיה,1,0,0,0,6,0,0,0,0,0,0,0,0
הרצליה,6,0,0,0,1,0,0,0,0,0,0,0,0
בית דגן,4,0,0,3,3,1,0,0,0,0,0,0,0
נהריה,2,0,5,85,43,10,0,0,0,0,0,0,0
חצור הגלילית,3,0,0,6,40,7,0,0,0,0,0,0,0
אריאל,2,0,0,0,9,5,0,0,0,0,0,0,0
פרי גן,0,0,0,0,2,0,0,0,0,0,0,0,0
כפר יונה,3,0,0,2,3,2,0,0,0,0,0,0,0
חריש,9,0,0,0,0,1,0,0,0,0,0,0,0
נצרת,1,0,0,0,5,4,0,0,0,0,0,0,0
מעלה אפרים,1,0,1,2,2,16,0,0,0,0,0,0,0
יבנה,7,0,0,0,0,0,1,0,0,0,0,0,0
מעלה עמוס,0,0,0,0,2,0,0,0,0,0,0,0,0
מצפה רמון,0,0,0,3,0,3,0,0,0,0,0,0,0
אור עקיבא,0,0,3,0,0,1,0,0,0,0,0,0,0
רמת השרון,11,0,0,0,0,1,0,0,0,0,0,0,0
כפר יונה,0,0,1,0,3,0,0,0,0,0,0,0,0
חיפה,15,0,0,0,0,2,0,0,0,0,0,0,0
פארן,1,0,0,0,2,0,0,0,0,0,0,0,0
חיפה,9,0,1,2,2,3,1,0,0,0,0,0,0
קרית גת,7,0,0,0,6,2,0,0,0,0,0,0,0
אור עקיבא,6,0,0,0,0,1,0,0,0,0,0,0,0
חריש,3,0,0,0,1,1,0,0,0,0,0,0,0
אילת,19,0,0,0,1,0,0,0,0,0,0,0,0
נצרת,4,0,0,0,3,2,0,0,0,0,0,0,0
יבנה,4,0,0,11,21,5,2,0,0,0,0,0,0
רמת השרון,8,0,0,0,0,1,0,0,0,0,0,0,0
יבנה,1,0,18,22,22,11,8,0,0,0,0,0,0
חיפה,12,0,0,0,0,2,0,0,0,0,0,0,0
קרית מוצקין,1,0,4,7,21,2,0,0,0,0,0,0,0
אור עקיבא,3,0,1,27,39,4,0,0,0,0,0,0,0
מצפה רמון,3,0,0,19,59,23,2,0,0,0,0,0,0
בית אריה,1,0,0,0,2,0,0,0,0,0,0,0,0
קרית גת,4,0,0,117,142,26,0,0,0,0,0,0,0
קרית גת,10,0,0,0,2,1,0,0,0,0,0,0,0
חיפה,6,0,0,3,26,4,1,0,0,0,0,0,0
קרית ביאליק,3,0,16,36,27,1,1,0,0,0,0,0,0
מגדל,1,0,1,1,2,0,0,0,0,0,0,0,0
נתניה,9,0,0,1,0,1,0,0,0,0,0,0,0
רמת גן,1,0,23,52,38,15,2,0,0,0,0,0,0
ערד,3,0,6,30,40,5,0,0,0,0,0,0,0
קרית ארבע,0,0,0,0,2,1,0,0,0,0,0,0,0
נס ציונה,1,0,16,9,22,19,0,0,0,0,0,0,0
פרדס חנה-כרכו,0,0,0,0,1,0,0,0,0,0,0,0,0
יקנעם עלית,0,0,0,0,0,3,0,0,0,0,0,0,0
אזור,8,0,0,0,0,1,0,0,0,0,0,0,0
חברון,0,0,0,0,0,1,1,0,0,0,0,0,0
רמלה,8,0,0,0,3,1,0,0,0,0,0,0,0
פרדס חנה-כרכו,6,0,0,0,1,0,0,0,0,0,0,0,0
אור יהודה,10,0,0,0,0,1,0,0,0,0,0,0,0
קדומים,1,0,0,0,2,0,0,0,0,0,0,0,0
עפולה,8,0,0,4,8,0,0,1,0,0,0,0,0
כפר סבא,3,0,1,14,25,12,0,0,0,0,0,0,0
באר שבע,5,0,1,6,39,21,0,0,0,0,0,0,0
אור יהודה,4,0,0,7,14,3,1,0,0,0,0,0,0
ראש פנה,0,0,0,1,0,0,0,0,0,0,0,0,0
אלון מורה,3,0,0,0,1,0,0,0,0,0,0,0,0
מנחמיה,2,0,0,0,6,0,0,0,0,0,0,0,0
יבנה,3,0,0,14,28,5,4,0,0,0,0,0,0
אריאל,3,0,0,0,11,3,0,0,0,0,0,0,0
יבנה,0,0,0,0,4,1,0,0,0,0,0,0,0
חיפה,11,0,0,0,1,2,0,0,0,0,0,0,0
ראשון לציון,4,0,1,16,37,19,1,0,0,0,0,0,0
חיפה,5,0,0,11,17,11,0,0,0,0,0,0,0
נוף הגליל,7,0,0,13,25,7,0,0,0,0,0,0,0
נהריה,3,0,2,26,54,8,1,0,0,0,0,0,0
חריש,2,0,0,0,2,2,0,0,0,0,0,0,0
קצרין,2,0,0,9,20,5,0,0,0,0,0,0,0
קרני שומרון,2,0,0,0,23,6,0,0,0,0,0,0,0
ראשון לציון,10,0,0,0,1,0,0,0,0,0,0,0,0
קרית מלאכי,1,0,0,29,40,8,0,0,0,0,0,0,0
ראשון לציון,7,0,0,1,3,1,1,0,0,0,0,0,0
נהריה,6,0,0,0,5,2,0,0,0,0,0,0,0
חיפה,8,0,9,3,10,8,2,0,0,0,0,0,0
באר שבע,1,0,162,429,712,185,42,14,3,0,0,0,0
נס ציונה,5,0,0,0,1,0,0,0,0,0,0,0,0
רמת השרון,15,0,0,0,0,1,0,0,0,0,0,0,0
אבן יהודה,2,0,0,1,1,0,0,0,0,0,0,0,0
פני חבר,0,0,0,0,3,0,0,0,0,0,0,0,0
כרמיאל,,0,0,1,0,0,0,0,0,0,0,0,0
נוף הגליל,16,0,0,0,0,1,0,0,0,0,0,0,0
רכסים,4,0,0,0,2,0,0,0,0,0,0,0,0
כפר יונה,4,0,0,0,0,1,0,0,0,0,0,0,0
קרית מוצקין,2,0,3,3,14,2,1,0,0,0,0,0,0
פרדס חנה-כרכו,4,0,0,1,5,1,1,0,0,0,0,0,0
בית שאן,1,0,5,35,68,73,6,2,1,2,0,0,0
אור יהודה,6,0,0,0,0,1,0,0,0,0,0,0,0
קרית גת,11,0,0,0,1,1,0,0,0,0,0,0,0
קרית אונו,1,0,2,9,9,8,1,0,0,0,0,0,0
נס ציונה,2,0,1,6,11,8,1,0,0,0,0,0,0
רמת השרון,18,0,0,0,0,1,0,0,0,0,0,0,0
זכרון יעקב,1,0,7,16,12,3,2,0,0,0,0,0,0
קרית מוצקין,5,0,1,0,1,0,0,0,0,0,0,0,0
רכסים,1,0,7,7,4,2,0,0,0,0,0,0,0
רמת השרון,12,0,0,0,0,1,0,0,0,0,0,0,0
חולון,11,0,0,0,0,1,0,0,0,0,0,0,0
קרית גת,14,0,0,0,0,1,0,0,0,0,0,0,0
חיפה,2,0,13,102,122,47,2,0,0,0,0,0,0
אור יהודה,3,0,0,16,23,2,1,0,0,0,0,0,0
קרית אונו,4,0,1,0,6,3,1,0,0,0,0,0,0
חדרה,6,0,0,0,2,0,0,0,0,0,0,0,0
קרית גת,16,0,0,0,0,1,0,0,0,0,0,0,0
קרית טבעון,1,0,9,18,11,1,0,0,0,0,0,0,0
מודיעין עילית,4,0,0,0,0,1,0,0,0,0,0,0,0
שדרות,2,0,0,26,90,27,4,1,0,0,0,0,0
מעלה אדומים,3,0,0,0,6,0,0,0,0,0,0,0,0
הוד השרון,2,0,0,9,13,9,0,0,0,0,0,0,0
קרית ים,12,0,0,0,1,0,0,0,0,0,0,0,0
נשר,9,0,0,0,1,0,0,0,0,0,0,0,0
זכרון יעקב,3,0,2,4,8,3,0,0,0,0,0,0,0
ירוחם,4,0,0,4,20,3,0,0,0,0,0,0,0
אשקלון,15,0,0,0,1,0,0,0,0,0,0,0,0
בית שאן,6,0,0,0,0,1,0,0,0,0,0,0,0
כפר סבא,6,0,0,1,0,1,0,0,0,0,0,0,0
אשקלון,9,0,0,2,2,0,0,0,0,0,0,0,0
בת ים,5,0,0,0,8,5,0,0,0,0,0,0,0
מצפה רמון,1,0,1,38,76,31,1,0,0,0,0,0,0
חדרה,3,0,5,14,53,9,1,0,0,0,0,0,0
בית שאן,0,0,2,3,3,3,1,1,0,0,0,0,0
חדרה,9,0,0,0,0,1,0,0,0,0,0,0,0
שעל,1,0,0,0,1,0,0,0,0,0,0,0,0
אור יהודה,1,0,21,13,27,15,1,1,0,0,0,0,0
עתלית,4,0,0,0,5,0,0,0,0,0,0,0,0
לוד,0,0,0,0,0,1,0,0,0,0,0,0,0
נהריה,1,0,9,54,50,18,4,1,0,0,0,0,0
הרצליה,5,0,0,0,0,1,0,0,0,0,0,0,0
מטולה,3,0,0,0,0,1,0,0,0,0,0,0,0
נתיבות,6,0,0,0,0,1,0,0,0,0,0,0,0
ראשון לציון,2,0,0,40,79,32,3,0,0,0,0,0,0
בנימינה–גבעת עד,0,0,0,0,1,0,0,0,0,0,0,0,0
נוף הגליל,5,0,3,39,33,5,0,0,0,0,0,0,0
בית שאן,9,0,0,0,0,6,0,0,0,0,0,0,0
מצפה רמון,4,0,0,7,27,13,0,0,0,0,0,0,0
תל אביב -יפו,14,0,0,0,0,1,0,0,0,0,0,0,0
נתניה,8,0,0,1,10,7,1,0,0,0,0,0,0
רמת גן,0,0,1,5,2,0,0,0,0,0,0,0,0
הרצליה,2,0,11,32,52,5,2,0,0,0,0,0,0
"בני עי""ש",1,0,0,2,2,0,1,1,0,0,0,0,0
מעלות-תרשיחא,7,0,0,0,4,1,0,0,0,0,0,0,0
נוה זהר,2,0,0,1,0,0,0,0,0,0,0,0,0
טירת כרמל,4,0,3,12,41,8,0,0,0,0,0,0,0
נוף הגליל,2,0,12,178,179,21,0,4,0,0,0,0,0
עלי זהב,1,0,0,0,1,0,0,0,0,0,0,0,0
בנימינה–גבעת עד,3,0,0,3,5,0,0,0,0,0,0,0,0
פתח תקוה,20,0,0,0,0,1,0,0,0,0,0,0,0
קרית ים,6,0,1,2,3,2,1,0,0,0,0,0,0
יבנה,6,0,0,0,1,3,0,0,0,0,0,0,0
חיפה,14,0,0,0,1,3,0,0,0,0,0,0,0
חולון,7,0,1,7,3,0,0,0,0,0,0,0,0
קרית גת,2,0,0,160,134,39,1,0,0,0,0,0,0
אלון מורה,1,0,0,0,37,1,0,0,0,0,0,0,0
ייטב,0,0,0,0,0,3,0,0,0,0,0,0,0
בית אל,2,0,0,0,8,3,0,0,0,0,0,0,0
רמת גן,3,0,3,30,21,2,1,0,0,0,0,0,0
יהוד,3,0,1,8,18,6,0,0,0,0,0,0,0
אפרתה,1,0,0,0,0,0,0,1,0,0,0,0,0
אור יהודה,12,0,0,0,0,1,0,0,0,0,0,0,0
קרית אתא,6,0,0,5,14,5,0,0,0,0,0,0,0
באר שבע,7,0,1,3,20,15,0,0,0,0,0,0,0
נהריה,7,0,0,0,6,2,0,0,0,0,0,0,0
מנחמיה,3,0,0,0,2,0,0,0,0,0,0,0,0
שילה,1,0,0,0,7,0,0,0,0,0,0,0,0
רמת גן,6,0,0,0,1,1,0,0,0,0,0,0,0
אבני חפץ,3,0,0,0,1,0,0,0,0,0,0,0,0
יהוד,0,0,1,1,3,0,0,0,0,0,0,0,0
מעלה אפרים,2,0,0,0,11,0,0,0,0,0,0,0,0
גבעתים,0,0,1,1,0,0,0,0,0,0,0,0,0
קרית אתא,3,0,14,42,54,11,2,0,0,0,0,0,0
אור יהודה,15,0,0,0,1,0,0,0,0,0,0,0,0
באר שבע,4,0,5,213,327,94,1,1,0,0,0,0,0
נהריה,4,0,0,6,20,5,0,0,0,0,0,0,0
רמת גן,9,0,0,0,0,1,0,0,0,0,0,0,0
הרצליה,1,0,59,42,59,27,1,0,0,0,0,0,0
אור יהודה,5,0,0,0,1,0,0,0,0,0,0,0,0
קרית אונו,2,0,0,0,15,4,0,0,0,0,0,0,0
חדרה,7,0,0,0,3,4,0,0,0,0,0,0,0
נתיבות,2,0,13,38,50,37,1,0,0,0,0,0,0
בית דגן,3,0,0,4,4,3,0,0,0,0,0,0,0
לוד,4,0,0,41,95,13,0,0,0,0,0,0,0
עכו,6,0,0,2,11,2,0,0,0,0,0,0,0
עכו,0,0,0,1,0,0,0,0,0,0,0,0,0
נתיבות,8,0,0,0,0,1,0,0,0,0,0,0,0
צפת,11,0,0,0,3,0,0,0,0,0,0,0,0
צפת,5,0,0,19,33,5,0,0,0,0,0,0,0
רמת השרון,3,0,0,5,16,2,0,0,0,0,0,0,0
עתלית,3,0,0,0,15,1,0,1,0,0,0,0,0
עפולה,0,0,2,4,6,1,0,0,0,0,0,0,0
חספין,0,0,0,0,9,0,0,0,0,0,0,0,0
לוד,1,0,15,84,132,48,4,0,0,0,0,0,0
חצור הגלילית,1,0,11,15,35,11,1,0,0,1,0,0,0
אלון שבות,1,0,0,2,4,0,0,0,0,0,0,0,0
עפרים,2,0,0,0,0,4,0,0,0,0,0,0,0
בני ברק,6,0,0,0,1,0,0,0,0,0,0,0,0
טירת כרמל,2,0,10,66,68,15,0,0,0,0,0,0,0
נתיבות,5,0,0,0,0,4,0,0,0,0,0,0,0
עכו,3,0,2,71,80,20,0,0,0,0,0,0,0
אופקים,4,0,0,38,23,16,2,0,0,0,0,0,0
רכסים,3,0,0,1,1,2,0,0,0,0,0,0,0
בנימינה–גבעת עד,1,0,2,11,18,6,2,0,0,0,0,0,0
צפת,8,0,0,5,20,3,0,0,0,0,0,0,0
רמת השרון,6,0,0,0,2,1,0,0,0,0,0,0,0
אור עקיבא,1,0,16,37,43,13,2,0,0,0,0,0,0
אילת,8,0,0,0,1,3,0,0,0,0,0,0,0
רמת השרון,0,0,0,0,0,1,0,0,0,0,0,0,0
טבריה,6,0,0,0,18,6,0,0,0,0,0,0,0
אזור,6,0,0,0,1,0,0,0,0,0,0,0,0
רמלה,6,0,1,0,5,2,0,0,0,0,0,0,0
בר יוחאי,1,0,0,0,1,0,0,2,0,0,0,0,0
רמת השרון,9,0,0,0,0,1,0,0,0,0,0,0,0
ירושלים,6,0,1,5,18,17,1,0,0,0,0,0,0
הר גילה,1,0,0,0,1,0,0,0,0,0,0,0,0
קרית טבעון,3,0,0,3,1,3,0,0,0,0,0,0,0
קרית ביאליק,1,0,27,52,32,9,0,0,0,0,0,0,0
בת ים,6,0,0,1,6,1,0,0,0,0,0,0,0
קרית ביאליק,4,0,1,10,11,1,0,0,0,0,0,0,0
בית שמש,6,0,0,0,19,0,0,0,0,0,0,0,0
קרית ארבע,5,0,0,0,7,4,0,0,0,0,0,0,0
אזור,3,0,0,3,6,2,0,0,0,0,0,0,0
פתח תקוה,1,0,24,49,123,48,6,2,0,0,0,0,0
רמלה,3,0,0,39,78,15,0,0,0,0,0,0,0
פרדס חנה-כרכו,1,0,18,45,100,12,3,5,0,0,0,0,0
ירוחם,2,0,0,45,83,9,0,0,0,0,0,0,0
ירושלים,9,0,0,0,12,2,1,0,0,0,0,0,0
ירושלים,3,0,6,53,186,80,7,1,0,0,0,0,0
רמלה,0,0,0,0,0,2,0,0,0,0,0,0,0
כפר יונה,1,0,2,5,25,11,1,1,0,0,0,0,0
קרית אונו,3,0,1,2,13,6,1,0,0,0,0,0,0
מעלות-תרשיחא,1,0,8,54,40,14,2,1,0,0,0,0,0
רמת גן,4,0,0,3,7,0,0,0,0,0,0,0,0
ערד,0,0,0,2,3,0,0,0,0,0,0,0,0
גדידה-מכר,2,0,0,0,12,18,0,0,0,0,0,0,0
באר שבע,2,0,56,345,345,108,11,3,0,0,0,0,0
תל מונד,2,0,0,2,5,2,0,0,0,0,0,0,0
נתניה,6,0,0,1,17,8,1,0,0,0,0,0,0
אבן יהודה,1,0,0,3,5,1,0,0,0,0,0,0,0
רחובות,2,0,0,29,49,12,0,0,0,0,0,0,0
קרית ארבע,3,0,0,0,44,9,0,0,0,0,0,0,0
אבני חפץ,1,0,0,2,0,0,0,0,0,0,0,0,0
רמת השרון,14,0,0,0,0,1,0,0,0,0,0,0,0
חרוצים,1,0,2,3,1,0,0,0,0,0,0,0,0
רמלה,5,0,0,0,3,3,0,0,0,0,0,0,0
ירושלים,11,0,0,0,1,1,0,0,0,0,0,0,0
קרית אונו,0,0,0,0,1,0,0,0,0,0,0,0,0
פרדס חנה-כרכו,3,0,7,22,35,2,2,0,0,0,0,0,0
גבעת שמואל,5,0,0,1,3,0,0,0,0,0,0,0,0
אור יהודה,7,0,0,0,2,0,0,0,0,0,0,0,0
קרית ביאליק,6,0,0,0,2,2,0,0,0,0,0,0,0
צפת,0,0,0,4,7,3,0,0,0,0,0,0,0
ראשון לציון,11,0,0,0,0,1,0,0,0,0,0,0,0
תל אביב -יפו,0,0,13,42,28,17,5,2,0,0,0,0,1
חצור הגלילית,6,0,0,1,1,0,0,0,0,0,0,0,0
הוד השרון,3,0,0,9,10,5,1,0,0,0,0,0,0
צופר,1,0,0,0,1,0,0,0,0,0,0,0,0
רמת ישי,2,0,0,0,1,0,0,0,0,0,0,0,0
לוד,6,0,0,0,3,1,0,0,0,0,0,0,0
פתח תקוה,15,0,0,0,0,1,0,0,0,0,0,0,0
פתח תקוה,9,0,0,0,1,0,0,0,0,0,0,0,0
בני ברק,1,0,24,34,44,29,1,0,0,0,0,0,0
מגדל העמק,6,0,0,0,3,3,0,0,0,0,0,0,0
רועי,1,0,0,0,1,0,0,0,0,0,0,0,0
ראשון לציון,8,0,0,0,3,0,0,0,0,0,0,0,0
קרית ים,1,0,28,56,82,15,0,0,0,0,0,0,0
צפת,3,0,3,31,40,8,0,0,0,0,0,0,0
אלון מורה,2,0,0,0,21,3,0,0,0,0,0,0,0
טירת כרמל,10,0,0,0,0,1,1,0,0,0,0,0,0
קרית ים,4,0,10,19,48,2,1,0,0,0,0,0,0
לוד,3,0,0,66,97,12,0,0,0,0,0,0,0
מודיעין עילית,0,0,0,0,0,1,0,0,0,0,0,0,0
בני ברק,4,0,1,20,20,6,0,0,0,0,0,0,0
פתח תקוה,12,0,0,0,0,1,0,0,0,0,0,0,0
כפר סבא,0,0,0,0,4,4,0,0,0,0,0,0,0
אלון שבות,2,0,0,0,5,1,0,0,0,0,0,0,0
הוד השרון,0,0,0,2,2,1,0,0,0,0,0,0,0
ראשון לציון,5,0,0,0,12,4,0,0,0,0,0,0,0
אלקנה,1,0,0,0,5,17,6,0,0,0,0,0,0
צפת,6,0,0,19,24,6,0,0,0,0,0,0,0
חלמיש,1,0,0,0,4,0,0,0,0,0,0,0,0
עתלית,1,0,2,11,32,0,0,0,0,0,0,0,0
חצור הגלילית,7,0,0,2,0,0,0,0,0,0,0,0,0
תל אביב -יפו,1,0,68,198,261,103,16,4,0,0,0,0,0
גני תקוה,3,0,0,0,9,1,1,0,0,0,0,0,0
עכו,9,0,0,0,0,3,0,0,0,0,0,0,0
בני ברק,0,0,0,1,3,4,1,0,0,0,0,0,0
גבעת זאב,2,0,0,0,1,0,0,0,0,0,0,0,0
אשדוד,3,0,5,155,110,27,2,0,0,0,0,0,0
קדימה-צורן,1,0,2,10,9,7,1,1,0,0,0,0,0
טבריה,0,0,0,19,0,2,0,0,0,0,0,0,0
צפת,2,0,3,56,43,14,0,0,0,0,0,0,0
מגדל העמק,3,0,0,38,120,31,0,1,0,0,0,0,0
כרמיאל,3,0,0,33,99,6,2,0,0,0,0,0,0
ערד,1,0,9,32,70,4,0,0,0,0,0,0,0
כמהין,0,0,0,0,3,0,0,0,0,0,0,0,0
אור עקיבא,7,0,0,0,0,1,0,0,0,0,0,0,0
אשדוד,6,0,0,0,18,29,8,0,0,0,0,0,0
רחובות,5,0,0,0,4,0,1,0,0,0,0,0,0
רחובות,14,0,0,0,0,1,0,0,0,0,0,0,0
יבנה,5,0,0,0,3,2,0,0,0,0,0,0,0
חיפה,13,0,0,0,0,1,0,0,0,0,0,0,0
רחובות,8,0,0,0,0,2,0,0,0,0,0,0,0
ירושלים,0,0,32,82,82,56,7,2,0,1,0,0,0
קצרין,0,0,11,8,55,26,0,0,0,0,0,0,0
בית שמש,0,0,0,0,10,9,2,0,0,0,0,0,0
ראש העין,6,0,0,0,1,0,1,0,0,0,0,0,0
רמלה,9,0,0,0,3,1,0,0,0,0,0,0,0
אור עקיבא,4,0,0,0,18,1,0,0,0,0,0,0,0
חיפה,19,0,0,0,0,1,0,0,0,0,0,0,0
נצרת,2,0,0,0,8,1,0,0,0,0,0,0,0
ערד,4,0,6,74,48,4,0,0,0,0,0,0,0
חיפה,10,0,0,0,1,1,0,0,0,0,0,0,0
רחובות,11,0,0,0,0,1,0,0,0,0,0,0,0
שרשים,0,0,0,0,1,0,0,0,0,0,0,0,0
קרית גת,0,0,0,1,15,3,1,0,0,0,0,0,0
קצרין,3,0,0,0,33,9,0,0,0,0,0,0,0
בית שמש,3,0,0,32,69,9,1,0,0,0,0,0,0
ראש העין,3,0,0,2,10,3,0,0,0,0,0,0,0
כרמיאל,6,0,0,2,10,6,0,0,0,0,0,0,0
אבשלום,1,0,0,0,1,0,0,0,0,0,0,0,0
נתיבות,4,0,1,6,38,24,0,0,0,0,0,0,0
מבוא דותן,1,0,0,0,1,0,0,0,0,0,0,0,0
הרצליה,3,0,2,10,19,5,5,0,0,0,0,0,0
חיפה,18,0,0,0,0,1,0,0,0,0,0,0,0
קרית טבעון,2,0,3,5,8,2,0,0,0,0,0,0,0
עדן,0,0,0,0,6,0,0,0,0,0,0,0,0
גן יבנה,1,0,1,7,6,0,1,0,0,0,0,0,0
גרנות הגליל,0,0,0,0,0,1,0,0,0,0,0,0,0
גבעתים,3,0,0,2,7,0,0,0,0,0,0,0,0
אופקים,3,0,0,107,142,72,2,1,0,0,0,0,0
נצרת,7,0,0,0,0,1,0,0,0,0,0,0,0
מזכרת בתיה,1,0,0,4,5,4,0,0,0,0,0,0,0
הרצליה,0,0,3,1,0,0,0,0,0,0,0,0,0
שלומי,2,0,0,3,33,15,1,0,0,0,0,0,0
דימונה,5,0,0,3,42,2,0,0,0,0,0,0,0
בנימינה–גבעת עד,2,0,0,9,7,3,0,0,0,0,0,0,0
בית שמש,2,0,5,42,100,24,4,0,0,0,0,0,0
נתיבות,1,0,7,26,50,27,2,1,0,0,0,0,0
שפרעם,1,0,0,9,0,0,0,0,0,0,0,0,0
עכו,7,0,0,2,18,2,0,0,0,0,0,0,0
לפידות,0,0,0,0,2,0,0,0,0,0,0,0,0
בר יוחאי,0,0,0,0,3,0,0,0,0,0,0,0,0
ספיר,1,0,0,0,4,4,0,0,0,0,0,0,0
נתיבות,7,0,0,0,0,2,0,0,0,0,0,0,0
נוף הגליל,0,0,0,5,10,0,0,0,0,0,0,0,0
אשדוד,1,0,32,220,154,47,5,0,0,0,0,0,0
מזכרת בתיה,4,0,0,0,1,0,0,0,0,0,0,0,0
דימונה,2,0,28,265,244,49,1,2,0,0,0,0,0
אופקים,0,0,0,2,6,0,0,0,0,0,0,0,0
בית שמש,5,0,0,0,13,3,0,0,0,0,0,0,0
מבשרת ציון,1,0,0,5,1,0,1,0,0,0,0,0,0
קרית שמונה,8,0,0,0,3,11,0,0,0,0,0,0,0
טבריה,5,0,0,0,31,5,0,1,0,0,0,0,0
רעננה,2,0,1,2,16,4,0,0,0,0,0,0,0
יהוד,1,0,5,24,20,5,0,1,0,0,0,0,0
יהוד,7,0,0,0,1,0,0,0,0,0,0,0,0
באר שבע,14,0,0,0,0,1,0,0,0,0,0,0,0
שדרות,1,0,2,64,104,22,3,0,0,0,0,0,0
חדרה,4,0,0,2,20,8,0,0,0,0,0,0,0
באר שבע,11,0,0,0,1,4,0,0,0,0,0,0,0
אלעד,0,0,0,0,0,3,2,0,0,0,0,0,0
קרית גת,1,0,9,122,112,47,6,1,0,0,0,0,0
חולון,4,0,9,21,27,10,0,0,0,0,0,0,0
רמת השרון,5,0,0,0,0,3,0,0,0,0,0,0,0
אילת,5,0,0,0,5,0,0,0,0,0,0,0,0
ביתר עלית,2,0,0,0,6,2,0,1,0,0,0,0,0
רעננה,5,0,0,0,1,0,0,0,0,0,0,0,0
יהוד,4,0,0,3,8,3,2,0,0,0,0,0,0
אשקלון,4,0,0,97,145,54,1,0,0,0,0,0,0
טבריה,2,0,8,35,163,31,2,3,2,0,0,0,0
שדרות,4,0,0,16,53,42,1,0,0,0,0,0,0
בית שאן,8,0,0,0,0,3,0,0,0,0,0,0,0
כפר תפוח,1,0,0,0,15,0,0,0,0,0,0,0,0
רמת השרון,2,0,1,2,11,5,0,0,0,0,0,0,0
חדרה,1,0,51,45,103,19,2,3,0,0,0,0,0
חולון,1,0,43,88,136,59,4,0,0,0,0,0,0
אשקלון,7,0,0,0,13,1,0,0,0,0,0,0,0
טבריה,8,0,0,0,13,0,1,0,0,0,0,0,0
אילת,2,0,0,8,49,9,1,0,0,0,0,0,0
ביתר עלית,5,0,0,0,3,0,0,0,0,0,0,0,0
ראש העין,5,0,0,0,0,1,0,0,0,0,0,0,0
באר יעקב,2,0,0,2,3,4,1,0,0,0,0,0,0
אשקלון,1,0,43,194,252,62,9,1,0,0,0,0,0
ראש העין,1,0,24,15,19,19,6,0,0,0,0,0,0
כרמיאל,1,0,12,48,125,13,1,0,0,0,0,0,0
עפולה,1,0,6,86,150,35,1,1,0,0,0,0,0
קרית מוצקין,17,0,0,0,0,1,1,0,0,0,0,0,0
שדרות,3,0,0,38,114,32,3,0,0,0,0,0,0
כפר תפוח,0,0,0,0,1,0,0,0,0,0,0,0,0
רחובות,12,0,0,0,0,1,0,0,0,0,0,0,0
ירושלים,4,0,10,72,121,57,6,0,0,0,0,0,0
בית שאן,7,0,0,0,0,1,0,0,0,0,0,0,0
בת ים,4,0,5,27,47,12,0,0,0,0,0,0,0
חדרה,2,0,0,54,42,11,0,0,0,0,0,0,0
טבריה,7,0,0,0,8,0,0,0,0,0,0,0,0
ראש העין,4,0,0,0,2,1,0,0,0,0,0,0,0
באר יעקב,1,0,8,3,8,10,2,0,0,0,0,0,0
"בני עי""ש",3,0,0,2,0,0,0,0,0,0,0,0,0
אזור,1,0,0,2,10,2,0,0,0,0,0,0,0
שדרות,0,0,0,0,0,1,0,0,0,0,0,0,0
באר שבע,12,0,0,0,0,1,0,0,0,0,0,0,0
רחובות,9,0,0,0,0,1,0,0,0,0,0,0,0
ירושלים,1,0,106,187,243,119,17,1,0,0,0,0,0
בת ים,1,0,13,96,141,38,2,0,0,0,0,0,0
בית שאן,4,0,0,0,61,48,0,0,0,0,0,0,0
בית שמש,7,0,0,0,3,0,0,0,0,0,0,0,0
עכו,8,0,0,0,0,4,0,0,0,0,0,0,0
טירת כרמל,3,0,7,33,30,10,2,0,0,0,0,0,0
נוה זהר,1,0,0,1,3,0,0,0,0,0,0,0,0
ירוחם,3,0,1,47,72,10,0,0,0,0,0,0,0
פתחיה,0,0,0,0,0,0,1,0,0,0,0,0,0
אפרתה,0,0,0,0,0,0,1,0,0,0,0,0,0
תל אביב -יפו,10,0,0,0,2,0,0,0,0,0,0,0,0
אשדוד,2,0,5,212,111,34,3,0,0,0,0,0,0
פתח תקוה,2,0,1,61,114,28,2,0,0,0,0,0,0
איתמר,1,0,0,0,20,0,0,0,0,0,0,0,0
ענב,1,0,0,0,16,0,0,0,0,0,0,0,0
גדרה,2,0,0,0,2,1,0,0,0,0,0,0,0
כרמיאל,7,0,0,0,4,7,0,0,0,0,0,0,0
טירת כרמל,0,0,0,0,0,1,0,0,0,0,0,0,0
ירוחם,0,0,0,2,4,1,0,0,0,0,0,0,0
עכו,5,0,1,1,10,5,0,0,0,0,0,0,0
נשר,0,0,0,0,2,3,0,0,0,0,0,0,0
אופקים,2,0,0,98,136,61,1,1,0,0,0,0,0
תל אביב -יפו,7,0,0,2,14,5,0,0,0,0,0,0,0
קרית אתא,5,0,0,13,14,4,0,0,0,0,0,0,0
אשדוד,5,0,0,0,24,26,4,0,0,0,0,0,0
תל אביב -יפו,13,0,0,0,0,2,0,0,0,0,0,0,0
כרמיאל,4,0,0,6,82,5,0,0,0,0,0,0,0
יהוד,5,0,0,0,1,2,0,0,0,0,0,0,0
נשר,6,0,0,1,2,1,0,0,0,0,0,0,0
נוף הגליל,1,0,7,200,225,10,0,4,0,0,0,0,0
קרית אתא,8,0,1,3,6,1,0,0,0,0,0,0,0
נשר,3,0,2,15,23,3,0,0,0,0,0,0,0
קרית עקרון,2,0,0,1,9,0,1,0,0,0,0,0,0
דימונה,1,0,38,289,314,61,9,3,0,1,0,0,0
בית שמש,4,0,0,36,48,18,1,0,0,0,0,0,0
ביתר עלית,4,0,0,0,5,0,0,0,0,0,0,0,0
רעננה,1,0,9,49,42,17,10,3,0,0,0,0,0
יהוד,2,0,0,4,14,4,3,0,0,0,0,0,0
יהוד,8,0,0,0,1,0,0,0,0,0,0,0,0
גבעתים,2,0,1,3,3,0,0,0,0,0,0,0,0
נוף הגליל,4,0,11,75,181,18,0,0,0,0,0,0,0
דימונה,4,0,1,94,217,48,1,0,0,0,0,0,0
שלומי,3,0,0,3,31,2,0,0,0,0,0,0,0
רעננה,4,0,0,7,6,7,0,0,0,0,0,0,0
נוב,1,0,0,0,8,0,0,0,0,0,0,0,0
מטולה,1,0,0,0,0,2,0,0,0,0,0,0,0
פתח תקוה,0,0,0,6,15,5,0,0,0,0,0,0,0
ירושלים,8,0,0,0,15,4,0,0,0,0,0,0,0
פתח תקוה,6,0,0,0,6,4,0,0,0,0,0,0,0
ירושלים,2,0,27,109,231,113,13,0,0,0,0,0,0
נתניה,3,0,12,42,90,33,1,0,0,0,0,0,0
"דוב""ב",1,0,0,0,1,0,0,0,0,0,0,0,0
כרמיאל,5,0,0,0,10,8,0,0,0,0,0,0,0
תל שבע,1,0,0,4,0,0,0,0,0,0,0,0,0
אבשלום,0,0,0,0,12,0,0,0,0,0,0,0,0
תל אביב -יפו,12,0,0,0,1,0,0,0,0,0,0,0,0
ערד,6,0,0,0,3,1,0,0,0,0,0,0,0
רחובות,13,0,0,0,0,2,0,0,0,0,0,0,0
כחל,0,0,0,0,1,0,0,0,0,0,0,0,0
קרית שמונה,5,0,0,1,23,10,0,0,0,0,0,0,0
יקנעם עלית,3,0,0,15,6,5,0,0,0,0,0,0,0
תל אביב -יפו,9,0,0,0,2,1,0,0,0,0,0,0,0
ירושלים,5,0,1,17,45,22,1,1,0,0,0,0,0
באר שבע,8,0,0,0,20,14,0,0,0,0,0,0,0
פתח תקוה,3,0,0,47,78,21,1,0,0,0,0,0,0
אלעד,3,0,0,0,1,3,1,0,0,0,0,0,0
אור יהודה,13,0,0,0,1,0,0,0,0,0,0,0,0
כרמיאל,8,0,0,2,3,9,0,0,0,0,0,0,0
קרית ביאליק,0,0,1,0,1,0,0,0,0,0,0,0,0
קרית ים,7,0,2,1,2,3,0,0,0,0,0,0,0
יקנעם עלית,6,0,0,0,1,1,0,0,0,0,0,0,0
קרית עקרון,3,0,0,2,5,2,0,0,0,0,0,0,0
עפולה,5,0,0,30,36,13,0,0,0,0,0,0,0
עכו,4,0,0,81,97,8,0,0,0,0,0,0,0
נשר,1,0,14,33,27,3,0,0,0,0,0,0,0
בת ים,0,0,1,3,2,0,0,0,0,0,0,0,0
קדימה-צורן,2,0,0,9,6,2,0,0,0,0,0,0,0
קרית עקרון,0,0,0,1,0,0,1,0,0,0,0,0,0
יבנאל,1,0,0,3,6,1,0,0,0,0,0,0,0
תל אביב -יפו,6,0,0,0,30,14,0,0,0,0,0,0,0
קרית ים,10,0,0,0,1,1,0,0,0,0,0,0,0
עפולה,2,0,0,66,138,27,1,0,0,0,0,0,0
תל אביב -יפו,3,0,9,98,190,55,7,1,2,0,1,0,0
נשר,7,0,0,3,2,0,0,0,0,0,0,0,0
עכו,1,0,22,95,78,21,2,1,0,0,0,0,0
נשר,4,0,0,10,16,2,0,0,0,0,0,0,0
נתניה,0,0,1,2,13,7,2,0,0,0,0,0,0
גדרה,1,0,0,2,5,3,0,0,0,0,0,0,0
בת ים,3,0,10,41,79,14,3,0,0,0,0,0,0
ביתר עלית,1,0,0,0,6,3,0,0,0,0,0,0,0
אילת,0,0,0,2,3,5,0,0,0,0,0,0,0
בית שמש,1,0,15,61,104,29,2,1,0,0,0,0,0
אשקלון,3,0,0,160,179,43,0,0,0,0,0,0,0
באר יעקב,4,0,0,3,3,0,0,0,0,0,0,0,0
דימונה,7,0,0,0,1,0,0,0,0,0,0,0,0
קרית מוצקין,11,0,0,0,0,0,2,0,0,0,0,0,0
זכרון יעקב,4,0,1,6,2,3,0,0,0,0,0,0,0
נתיבות,0,0,0,0,26,16,1,0,0,0,0,0,0
קרית שמונה,4,0,0,13,68,31,1,0,0,0,0,0,0
קרית מלאכי,4,0,0,44,24,11,0,0,0,0,0,0,0
אלעד,4,0,0,0,2,2,0,0,0,0,0,0,0
חמרה,1,0,0,0,1,0,0,0,0,0,0,0,0
חולון,8,0,1,8,4,1,0,0,0,0,0,0,0
חולון,2,0,28,43,104,31,3,0,0,0,0,0,0
טבריה,1,0,13,76,109,43,2,12,4,0,0,1,0
אשקלון,6,0,0,7,12,4,0,0,0,0,0,0,0
חדרה,8,0,0,0,2,5,0,0,0,0,0,0,0
רמת השרון,1,0,12,16,34,12,6,0,0,0,0,0,0
אילת,3,0,0,13,42,4,0,0,0,0,0,0,0
נתיבות,3,0,1,11,36,19,0,0,0,0,0,0,0
טבריה,4,0,0,24,60,7,0,3,0,0,0,0,0
אשקלון,0,0,0,1,22,12,3,0,0,0,0,0,0
מבשרת ציון,2,0,0,1,0,1,0,0,0,0,0,0,0
בני יהודה,1,0,0,0,5,0,0,0,0,0,0,0,0
קרית שמונה,1,0,8,18,125,94,3,1,0,7,0,0,0
קרית מוצקין,8,0,0,0,0,2,0,0,0,0,0,0,0
קרית מוצקין,14,0,0,0,0,1,0,0,0,0,0,0,0
קרית מלאכי,7,0,0,0,0,2,0,0,0,0,0,0,0
קרית שמונה,7,0,0,0,5,11,0,0,0,0,0,0,0
חדרה,5,0,0,0,2,1,0,0,0,0,0,0,0
קרית מלאכי,10,0,0,0,0,1,0,0,0,0,0,0,0
אלעד,1,0,0,0,4,9,0,0,0,0,0,0,0
מזכרת בתיה,2,0,0,1,4,1,0,0,0,0,0,0,0
אילת,6,0,0,0,2,2,0,0,0,0,0,0,0
חולון,5,0,1,4,6,12,1,0,0,0,0,0,0
טלמון,1,0,0,0,3,0,0,0,0,0,0,0,0