"","city_lms_name","floor","no_rooms","one_rooms","two_rooms","three_rooms","four_rooms","five_rooms","six_rooms","seven_rooms","eight_rooms","nine_rooms","ten_rooms","more_rooms"
"1","Kiryat Arba",2,0,5,2,39,6,0,0,0,0,0,0,0
"2","Gadida-Makr",3,0,0,0,13,0,0,0,0,0,0,0,0
"3","Ramat Gan",5,0,0,0,5,3,0,0,0,0,0,0,0
"4","Petah Tikva",19,0,0,0,0,1,0,0,0,0,0,0,0
"5","Ein Yahav",1,0,0,0,1,0,0,0,0,0,0,0,0
"6","Ma'alot-Tarshiha",2,0,3,36,76,7,0,0,0,0,0,0,0
"7","Rehovot",3,0,3,13,47,9,3,0,0,0,0,0,0
"8","Or Akiva",5,0,0,0,0,1,1,0,0,0,0,0,0
"9","Lod",2,0,1,75,102,35,0,0,0,0,0,0,0
"10","Azur",4,0,1,0,11,0,0,0,0,0,0,0,0
"11","Efraim",3,0,0,0,1,0,0,0,0,0,0,0,0
"12","Ramla",4,0,0,27,55,7,1,0,0,0,0,0,0
"13","Ganei Tikva",4,0,0,0,6,0,0,0,0,0,0,0,0
"14","Hod Hasharon",1,0,7,25,19,26,8,2,0,0,0,0,0
"15","Ma'ale Adumim",4,0,0,0,2,0,0,0,0,0,0,0,0
"16","Petah Tikva",13,0,0,0,1,0,0,0,0,0,0,0,0
"17","Rehovot",6,0,0,1,6,2,0,0,0,0,0,0,0
"18","Givat Shmuel",4,0,0,8,3,0,0,0,0,0,0,0,0
"19","Or Akiva",2,0,9,28,33,1,0,0,0,0,0,0,0
"20","Mitzpe Ramon",2,0,0,24,75,27,3,2,0,0,0,0,0
"21","Kiryat Ono",7,0,0,0,1,0,0,0,0,0,0,0,0
"22","Ramat Gan",8,0,0,0,4,0,0,0,0,0,0,0,0
"23","Atlit",2,0,0,6,18,0,0,0,0,0,0,0,0
"24","Bnei Brak",2,0,2,27,45,24,0,0,0,0,0,0,0
"25","Ramat Gan",2,0,12,36,19,4,0,0,0,0,0,0,0
"26","Rehovot",0,0,0,1,0,0,0,0,0,0,0,0,0
"27","Hod Hasharon",4,0,0,7,3,0,0,0,0,0,0,0,0
"28","Ramla",1,0,17,50,130,23,4,0,0,0,0,0,0
"29","Ma'alot-Tarshiha",5,0,0,3,12,0,0,0,0,0,0,0,0
"30","Lod",5,0,0,0,2,3,0,0,0,0,0,0,0
"31","Ganei Tikva",1,0,7,2,5,1,1,0,0,0,0,0,0
"32","Ma'ale Adumim",1,0,0,0,2,3,0,0,0,0,0,0,0
"33","Givat Shmuel",1,0,7,3,5,1,0,0,0,0,0,0,0
"34","Beitar Illit",-3,0,0,0,0,1,0,0,0,0,0,0,0
"35","Shaked",1,0,0,0,1,0,0,0,0,0,0,0,0
"36","Bat Yam",7,0,0,1,4,2,0,0,0,0,0,0,0
"37","Susya",1,0,0,0,2,0,0,0,0,0,0,0,0
"38","Bat Yam",10,0,0,0,0,1,0,0,0,0,0,0,0
"39","Ashdod",8,0,0,0,7,3,0,0,0,0,0,0,0
"40","Avnei Hefetz",2,0,0,0,3,0,0,0,0,0,0,0,0
"41","Hazor HaGalilit",2,0,0,15,47,6,1,1,0,0,0,0,0
"42","Bnei Brak",5,0,0,6,9,0,1,0,0,0,0,0,0
"43","Kfar Saba",1,0,4,24,44,9,1,0,0,0,0,0,0
"44","Zefat",7,0,0,13,18,2,0,0,0,0,0,0,0
"45","Hermesh",1,0,0,0,5,0,0,0,0,0,0,0,0
"46","Beit El",1,0,0,0,8,5,0,0,0,0,0,0,0
"47","Kiryat Ata",2,0,16,74,62,8,1,1,0,0,0,0,0
"48","Migdal Haemek",8,0,0,0,0,4,0,0,0,0,0,0,0
"49","Zefat",1,0,2,37,86,9,1,1,0,0,0,0,0
"50","Migdal Haemek",2,0,1,99,120,19,0,0,0,0,0,0,0
"51","Beit Dagan",2,0,1,2,6,0,0,0,0,0,0,0,0
"52","Hazor HaGalilit",5,0,0,1,4,0,0,0,0,0,0,0,0
"53","Nahariya",0,0,0,0,2,2,0,0,0,0,0,0,0
"54","Kfar Saba",7,0,0,0,1,0,0,0,0,0,0,0,0
"55","Ramla",7,0,1,0,7,1,0,0,0,0,0,0,0
"56","Ramat Yishai",1,0,3,0,5,0,0,0,0,0,0,0,0
"57","Migdal Haemek",5,0,0,0,1,5,0,0,0,0,0,0,0
"58","Rishon Lezion",1,0,16,40,107,42,4,0,0,0,0,0,0
"59","Kfar Saba",4,0,0,1,18,4,0,0,0,0,0,0,0
"60","Zefat",10,0,0,1,6,0,0,0,0,0,0,0,0
"61","Kiryat Yam",0,0,4,4,1,1,1,1,0,0,0,0,0
"62","Zefat",4,0,0,28,32,6,0,0,0,0,0,0,0
"63","Eli",1,0,0,0,32,0,0,0,0,0,0,0,0
"64","Eilat",10,0,0,0,0,1,0,0,0,0,0,0,0
"65","Nof Hagalil",8,0,0,4,13,2,0,0,0,0,0,0,0
"66","Netanya",5,0,0,3,20,10,1,0,0,0,0,0,0
"67","Tel Mond",3,0,0,0,2,1,0,0,0,0,0,0,0
"68","Yehud",9,0,0,0,0,1,0,0,0,0,0,0,0
"69","Tirat Carmel",1,0,45,90,73,14,0,0,0,0,0,0,0
"70","Yakneam Alit",4,0,1,7,6,1,0,0,0,0,0,0,0
"71","Afula",10,0,0,0,3,0,0,0,0,0,0,0,0
"72","Rekhasim",2,0,0,3,1,3,0,0,0,0,0,0,0
"73","Ramat Hasharon",7,0,0,0,0,2,0,0,0,0,0,0,0
"74","Rosh Pinna",2,0,0,0,7,0,0,0,0,0,0,0,0
"75","Pardes Hana",2,0,7,20,11,1,1,0,0,0,0,0,0
"76","Zefat",9,0,0,1,15,3,0,0,0,0,0,0,0
"77","Ramat Hasharon",13,0,0,0,0,2,0,0,0,0,0,0,0
"78","Eilat",7,0,0,0,3,2,0,0,0,0,0,0,0
"79","Kiryat Bialik",2,0,38,48,25,3,1,0,0,0,0,0,0
"80","Beitar Illit",0,0,0,0,2,3,1,0,0,0,0,0,0
"81","Afula",4,0,2,57,106,14,1,1,0,0,0,0,0
"82","Yakneam Alit",1,0,5,17,9,5,1,0,0,0,0,0,0
"83","Ma'ale Levona",1,0,0,0,3,0,0,0,0,0,0,0,0
"84","Tel Aviv Jaffa",11,0,0,0,1,1,0,0,0,0,0,0,0
"85","Netanya",2,0,13,38,112,32,8,0,0,0,0,0,0
"86","Ramat Hasharon",10,0,0,0,0,1,0,0,0,0,0,0,0
"87","Afula",7,0,0,32,21,3,0,0,0,0,0,0,0
"88","Ramat Hasharon",4,0,0,6,4,1,0,0,0,0,0,0,0
"89","Eilat",4,0,0,8,27,7,0,0,0,0,0,0,0
"90","Sdei Avraham",0,0,0,0,2,0,0,0,0,0,0,0,0
"91","Acre",2,0,38,87,74,12,0,0,0,0,0,0,0
"92","Gadida-Makr",1,0,0,10,14,0,0,0,0,0,0,0,0
"93","Argaman",1,0,0,0,1,0,0,0,0,0,0,0,0
"94","Azur",2,0,0,0,9,1,0,0,0,0,0,0,0
"95","Kiryat Arba",4,0,1,0,21,8,0,0,0,0,0,0,0
"96","Jerusalem",10,0,0,0,3,1,0,0,0,0,0,0,0
"97","Ariel",1,0,0,8,6,0,0,0,0,0,0,0,0
"98","Efraim",1,0,0,0,0,2,0,0,0,0,0,0,0
"99","Petah Tikva",11,0,0,0,0,1,0,0,0,0,0,0,0
"100","Ashdod",16,0,0,0,0,1,0,0,0,0,0,0,0
"101","Petah Tikva",8,0,0,0,3,2,0,0,0,0,0,0,0
"102","Elkana",0,0,0,0,0,0,1,0,0,0,0,0,0
"103","Harish",0,0,0,0,1,0,0,0,0,0,0,0,0
"104","Haifa",3,0,25,102,96,33,3,0,0,0,0,0,0
"105","Bat Yam",2,0,2,57,96,19,1,0,0,0,0,0,0
"106","Kiryat Bialik",5,0,0,0,2,2,0,0,0,0,0,0,0
"107","Kiryat Arba",1,0,2,9,30,15,0,0,0,0,0,0,0
"108","Ariel",4,0,0,0,4,0,0,0,0,0,0,0,0
"109","Haifa",0,0,10,30,20,12,2,0,1,0,0,0,0
"110","Ein Sharid",1,0,1,1,1,1,0,0,0,0,0,0,0
"111","Hebron",1,0,0,0,0,0,0,0,1,0,0,0,0
"112","Jerusalem",7,0,0,0,16,9,0,0,0,0,0,0,0
"113","Jerusalem",13,0,0,0,1,0,0,0,0,0,0,0,0
"114","Petah Tikva",5,0,0,0,6,13,0,0,0,0,0,0,0
"115","Kiryat Tiv'on",4,0,0,0,0,2,0,0,0,0,0,0,0
"116","Kalanit",0,0,0,0,9,0,0,0,0,0,0,0,0
"117","Kiryat Bialik",8,0,0,0,1,3,0,0,0,0,0,0,0
"118","Nesher",12,0,0,0,0,1,0,0,0,0,0,0,0
"119","Ma'alot-Tarshiha",4,0,0,2,36,5,0,0,0,0,0,0,0
"120","Ramla",2,0,0,43,70,30,3,0,0,0,0,0,0
"121","Yeruham",1,0,5,63,104,19,8,7,1,0,0,0,0
"122","Kfar Yona",2,0,0,3,4,4,0,0,0,0,0,0,0
"123","Beit Shean",3,0,0,1,113,105,1,1,0,1,0,0,0
"124","Bat Yam",8,0,0,0,5,3,0,0,0,0,0,0,0
"125","Haifa",1,0,58,118,140,36,3,0,0,0,0,0,0
"126","Modi'in Illit",5,0,0,0,0,1,0,0,0,0,0,0,0
"127","Kiryat Natafim",1,0,0,0,10,0,0,0,0,0,0,0,0
"128","Ein Sharid",0,0,0,0,0,1,0,0,0,0,0,0,0
"129","Zichron Yaakov",2,0,1,2,1,4,0,0,0,0,0,0,0
"130","Metzad",0,0,0,0,5,0,0,0,0,0,0,0,0
"131","Ramat Yishai",0,0,0,0,1,0,0,0,0,0,0,0,0
"132","Kiryat Shmona",6,0,0,0,1,8,0,0,0,0,0,0,0
"133","Rishon Lezion",0,0,1,0,1,0,0,0,0,0,0,0,0
"134","Petah Tikva",4,0,0,33,56,7,3,0,0,0,0,0,0
"135","Nesher",5,0,7,1,6,3,0,0,0,0,0,0,0
"136","Rishon Lezion",6,0,0,0,10,4,0,0,0,0,0,0,0
"137","Kfar Saba",5,0,0,0,6,0,0,0,0,0,0,0,0
"138","Kiryat Gat",15,0,0,0,0,1,0,0,0,0,0,0,0
"139","Naomi",0,0,0,0,3,0,0,0,0,0,0,0,0
"140","Holon",0,0,0,2,6,0,0,0,0,0,0,0,0
"141","Raanana",3,0,0,2,8,3,2,0,0,0,0,0,0
"142","Carmiel",9,0,0,0,0,3,0,0,0,0,0,0,0
"143","Haifa",7,0,5,5,17,10,1,0,0,0,0,0,0
"144","Ashkelon",8,0,0,0,8,1,0,0,0,0,0,0,0
"145","Kiryat Shmona",9,0,0,0,8,4,0,0,0,0,0,0,0
"146","Petah Tikva",10,0,0,0,3,0,0,0,0,0,0,0,0
"147","Kfar Saba",2,0,0,15,25,6,1,0,0,0,0,0,0
"148","Rishon Lezion",3,0,2,23,74,43,2,0,0,0,0,0,0
"149","Petah Tikva",7,0,0,0,1,0,0,0,0,0,0,0,0
"150","Yevul",0,0,0,0,3,0,0,0,0,0,0,0,0
"151","Holon",3,0,9,37,69,16,4,0,0,0,0,0,0
"152","Haifa",4,0,16,70,76,18,0,0,0,0,0,0,0
"153","Harish",1,0,0,0,3,1,0,0,0,0,0,0,0
"154","Kiryat Gat",12,0,0,0,0,1,0,0,0,0,0,0,0
"155","Ashkelon",5,0,0,4,9,5,1,0,0,0,0,0,0
"156","Bnei Aish",2,0,0,0,1,0,0,0,0,0,0,0,0
"157","Nof Hagalil",12,0,0,0,0,4,0,0,0,0,0,0,0
"158","Yakneam Alit",8,0,0,0,1,0,0,0,0,0,0,0,0
"159","Tel Mond",1,0,0,6,4,1,6,0,0,0,0,0,0
"160","Netanya",7,0,0,1,11,9,1,0,0,0,0,0,0
"161","Ma'alot-Tarshiha",0,0,0,1,2,3,1,0,0,0,0,0,0
"162","Ma'ale Adumim",2,0,0,0,3,1,0,0,0,0,0,0,0
"163","Afula",3,0,2,52,182,41,0,0,0,0,0,0,0
"164","Nesher",8,0,0,0,2,4,0,0,0,0,0,0,0
"165","Ma'alot-Tarshiha",6,0,0,0,3,2,0,0,0,0,0,0,0
"166","Yakneam Alit",2,0,6,11,11,4,0,0,0,0,0,0,0
"167","Yated",0,0,0,0,2,0,0,0,0,0,0,0,0
"168","Nof Hagalil",3,0,7,126,226,21,0,4,0,0,0,0,0
"169","Beit Shean",5,0,0,0,13,2,0,0,0,0,0,0,0
"170","Netanya",1,0,73,74,138,58,11,2,0,0,0,0,0
"171","Afula",6,0,0,32,33,6,1,0,0,0,0,0,0
"172","Or Yehuda",2,0,0,13,18,2,0,0,0,0,0,0,0
"173","Kiryat Ono",5,0,0,0,1,3,0,0,0,0,0,0,0
"174","Be'er Ya'akov",3,0,0,3,18,0,0,0,0,0,0,0,0
"175","Bnei Aish",5,0,0,0,1,0,0,0,0,0,0,0,0
"176","Ma'alot-Tarshiha",3,0,0,31,63,9,0,0,0,0,0,0,0
"177","Netanya",4,0,0,19,79,30,2,0,0,0,0,0,0
"178","Herzliya",4,0,6,10,9,2,0,0,0,0,0,0,0
"179","Kiryat Ekron",4,0,0,1,1,0,0,0,0,0,0,0,0
"180","Matula",2,0,0,0,0,2,0,0,0,0,0,0,0
"181","Emmanuel",1,0,0,0,0,0,1,0,0,0,0,0,0
"182","Yakneam Alit",5,0,0,0,0,5,0,0,0,0,0,0,0
"183","Rosh Pinna",1,0,0,3,11,0,2,0,0,0,0,0,0
"184","Afula",9,0,0,2,3,0,0,0,0,0,0,0,0
"185","Beit Shean",2,0,2,19,123,86,1,0,0,1,0,0,0
"186","Nof Hagalil",6,0,0,14,30,2,0,0,0,0,0,0,0
"187","Ashdod",10,0,0,0,0,1,0,0,0,0,0,0,0
"188","Ramat Hasharon",19,0,0,0,0,1,0,0,0,0,0,0,0
"189","Tel Aviv Jaffa",2,0,25,153,201,75,11,1,0,0,0,0,0
"190","Kiryat Malachi",2,0,0,34,33,16,1,0,0,0,0,0,0
"191","Kiryat Motzkin",9,0,0,0,0,0,1,0,0,0,0,0,0
"192","Migdal Haemek",4,0,0,6,80,11,0,0,0,0,0,0,0
"193","Eilat",1,0,5,19,60,12,1,0,0,0,0,0,0
"194","Lod",8,0,0,0,1,2,0,0,0,0,0,0,0
"195","Kiryat Motzkin",6,0,0,0,0,0,1,0,0,0,0,0,0
"196","Tel Aviv Jaffa",8,0,0,1,24,4,0,0,0,0,0,0,0
"197","Ashdod",4,0,5,133,121,41,5,0,0,0,0,0,0
"198","Kiryat Motzkin",0,0,2,1,0,0,0,0,0,0,0,0,0
"199","Elad",2,0,0,0,5,5,0,0,0,0,0,0,0
"200","Kadima-Zoran",0,0,0,1,1,1,0,0,0,0,0,0,0
"201","Gedera",0,0,0,0,0,1,0,0,0,0,0,0,0
"202","Yitzhar",1,0,0,0,2,0,0,0,0,0,0,0,0
"203","Ashdod",7,0,0,0,10,14,3,0,0,0,0,0,0
"204","Ramat Hasharon",16,0,0,0,0,1,0,0,0,0,0,0,0
"205","Kiryat Malachi",5,0,0,0,0,3,0,0,0,0,0,0,0
"206","Kiryat Motzkin",3,0,0,3,18,2,0,0,0,0,0,0,0
"207","Kadima-Zoran",3,0,0,2,4,1,0,0,0,0,0,0,0
"208","Hatzeva",0,0,0,0,3,0,0,0,0,0,0,0,0
"209","Tel Aviv Jaffa",5,0,0,6,49,13,0,0,0,0,0,0,0
"210","Migdal Haemek",1,0,6,78,128,34,5,0,0,0,0,0,0
"211","Migdal Haemek",7,0,0,0,4,5,0,0,0,0,0,0,0
"212","Gedera",3,0,0,0,1,1,0,0,0,0,0,0,0
"213","Beitar Illit",3,0,0,0,2,0,0,0,0,0,0,0,0
"214","Rehovot",1,0,5,49,70,31,13,1,0,0,0,0,0
"215","Ness Ziona",3,0,1,4,13,2,1,0,0,0,0,0,0
"216","Kiryat Yam",3,0,7,32,56,8,0,0,0,0,0,0,0
"217","Ganei Tikva",2,0,0,0,10,1,0,0,0,0,0,0,0
"218","Arad",5,0,0,0,3,5,0,0,0,0,0,0,0
"219","Poriaâ€“Neve Oved",1,0,1,1,1,0,0,0,0,0,0,0,0
"220","Talmei Yosef",0,0,0,0,0,1,0,0,0,0,0,0,0
"221","Kfar Yona",8,0,0,0,1,0,0,0,0,0,0,0,0
"222","Shlomi",4,0,0,5,4,5,0,0,0,0,0,0,0
"223","Avnei Eitan",0,0,0,0,8,0,0,0,0,0,0,0,0
"224","Rosh HaAyin",2,0,0,2,15,7,4,0,0,0,0,0,0
"225","Arad",2,0,6,21,21,8,1,0,0,0,0,0,0
"226","Ness Ziona",6,0,0,0,0,1,0,0,0,0,0,0,0
"227","Tzofar",0,0,0,0,2,0,0,0,0,0,0,0,0
"228","Rehovot",4,0,1,14,37,7,0,0,0,0,0,0,0
"229","Ramla",13,0,0,0,0,1,0,0,0,0,0,0,0
"230","Ganei Tikva",5,0,0,0,1,0,0,0,0,0,0,0,0
"231","Arad",8,0,0,0,1,0,0,0,0,0,0,0,0
"232","Karnei Shomron",1,0,0,0,35,8,6,0,0,0,0,0,0
"233","Givat Shmuel",3,0,0,5,2,0,0,0,0,0,0,0,0
"234","Rehovot",7,0,0,1,2,3,0,0,0,0,0,0,0
"235","Shlomi",1,0,1,3,40,25,2,0,1,0,0,0,0
"236","Katzrin",1,0,4,2,24,5,0,0,0,0,0,0,0
"237","Kiryat Yam",9,0,0,0,0,1,0,0,0,0,0,0,0
"238","Nazareth",3,0,0,0,7,4,0,0,0,0,0,0,0
"239","Kiryat Shmona",2,0,4,19,150,115,1,1,0,0,0,0,0
"240","Sapir",0,0,0,0,3,0,0,0,0,0,0,0,0
"241","Rehovot",10,0,0,0,0,1,0,0,0,0,0,0,0
"242","Tzohar",1,0,0,0,17,3,0,0,0,0,0,0,0
"243","Holon",10,0,0,0,1,0,0,0,0,0,0,0,0
"244","Kiryat Ata",0,0,0,0,1,0,1,0,0,0,0,0,0
"245","Hadera",0,0,0,0,0,2,0,0,0,0,0,0,0
"246","Kiryat Gat",5,0,0,7,11,2,0,0,0,0,0,0,0
"247","Carmiel",2,0,0,24,82,7,0,0,0,0,0,0,0
"248","Kmehin",1,0,0,0,4,0,0,0,0,0,0,0,0
"249","Raanana",0,0,0,2,2,2,0,0,0,0,0,0,0
"250","Kiryat Yam",5,0,0,2,1,1,1,0,0,0,0,0,0
"251","Arad",7,0,0,0,7,3,0,0,0,0,0,0,0
"252","Ein Tamar",0,0,0,0,1,0,0,0,0,0,0,0,0
"253","Holon",6,0,1,5,7,11,0,0,0,0,0,0,0
"254","Kiryat Ata",4,0,0,42,44,4,3,0,0,0,0,0,0
"255","Kiryat Ata",10,0,0,0,0,1,0,0,0,0,0,0,0
"256","Kiryat Gat",3,0,0,146,160,27,2,0,0,0,0,0,0
"257","Kiryat Gat",9,0,0,0,1,0,0,0,0,0,0,0,0
"258","Kadesh Barnea",1,0,0,0,2,0,0,0,0,0,0,0,0
"259","Kiryat Yam",8,0,3,1,3,0,0,0,0,0,0,0,0
"260","Ashkelon",2,0,10,156,167,50,1,1,0,0,0,0,0
"261","Migdalim",1,0,0,0,4,0,0,0,0,0,0,0,0
"262","Kiryat Shmona",3,0,0,28,122,100,1,0,0,1,0,0,0
"263","Ramla",15,0,0,0,0,1,1,0,0,0,0,0,0
"264","Yavne",2,0,0,13,18,11,2,0,0,0,0,0,0
"265","Holon",9,0,2,6,5,1,0,0,0,0,0,0,0
"266","Or Yehuda",11,0,0,0,1,0,0,0,0,0,0,0,0
"267","Nesher",2,0,12,21,34,2,0,0,0,0,0,0,0
"268","Beer Sheva",6,0,2,1,26,16,0,0,0,0,0,0,0
"269","Kiryat Ata",7,0,0,2,10,0,0,0,0,0,0,0,0
"270","Kiryat Yam",2,0,19,45,67,3,0,0,0,0,0,0,0
"271","Kiryat Ekron",1,0,2,4,16,13,1,0,0,0,0,0,0
"272","Kiryat Ata",1,0,55,50,58,9,1,1,0,1,0,0,0
"273","Kiryat Gat",6,0,0,3,2,0,0,0,0,0,0,0,0
"274","Kiryat Malachi",0,0,0,0,0,1,0,0,0,0,0,0,0
"275","Rishon Lezion",9,0,0,0,2,0,0,0,0,0,0,0,0
"276","Kiryat Shmona",0,0,0,0,0,5,0,1,0,0,0,0,0
"277","Givatayim",1,0,1,10,5,0,0,0,0,0,0,0,0
"278","Kiryat Malachi",6,0,0,0,0,2,0,0,0,0,0,0,0
"279","Kiryat Motzkin",4,0,1,2,6,2,0,0,0,0,0,0,0
"280","Or Yehuda",8,0,0,0,1,0,0,0,0,0,0,0,0
"281","Tel Aviv Jaffa",4,0,2,56,110,34,4,0,0,0,0,0,0
"282","Beer Sheva",3,0,10,314,405,80,1,5,0,0,0,0,0
"283","Byria",1,0,0,0,0,1,0,0,0,0,0,0,0
"284","Dimona",3,0,21,270,274,69,4,1,0,0,0,0,0
"285","Katzir",1,0,0,0,3,0,0,0,0,0,0,0,0
"286","Ramat Gan",10,0,0,0,1,0,0,0,0,0,0,0,0
"287","Beer Sheva",0,0,1,10,55,6,1,1,0,0,0,0,1
"288","Givatayim",4,0,1,2,1,0,0,0,0,0,0,0,0
"289","Even Yehuda",3,0,0,1,1,0,0,0,0,0,0,0,0
"290","Kiryat Malachi",3,0,0,36,36,11,0,0,0,0,0,0,0
"291","Lod",7,0,0,0,2,4,0,0,0,0,0,0,0
"292","Nahariya",8,0,0,0,7,1,0,0,0,0,0,0,0
"293","Dimona",0,0,0,2,1,7,0,0,0,0,0,0,0
"294","Ramat Gan",7,0,0,0,1,0,0,0,0,0,0,0,0
"295","Ness Ziona",7,0,0,0,0,1,0,0,0,0,0,0,0
"296","Tiberias",3,0,0,39,126,33,1,7,0,1,0,0,0
"297","Hazor HaGalilit",4,0,0,6,30,0,0,0,0,0,0,0,0
"298","Kiryat Motzkin",13,0,0,0,0,1,0,0,0,0,0,0,0
"299","Kiryat Motzkin",7,0,0,0,2,0,0,0,0,0,0,0,0
"300","Bnei Brak",3,0,0,26,34,15,0,0,0,0,0,0,0
"301","Ashdod",0,0,0,0,20,7,1,0,0,0,0,0,0
"302","Givat Shmuel",2,0,0,1,1,3,0,0,0,0,0,0,0
"303","Ofakim",1,0,13,92,173,27,5,6,3,0,0,0,0
"304","Shlomi",0,0,0,0,1,0,0,0,0,0,0,0,0
"305","Mazkeret Batya",3,0,0,1,6,0,0,0,0,0,0,0,0
"306","Bareket",0,0,0,8,0,1,0,0,0,0,0,0,0
"307","Migdal Haemek",0,0,17,89,20,3,0,0,0,0,0,0,0
"308","Rosh HaAyin",0,0,1,1,3,1,0,0,0,0,0,0,0
"309","Ness Ziona",4,0,1,0,9,2,0,0,0,0,0,0,0
"310","Hasfin",1,0,0,0,47,0,0,0,0,0,0,0,0
"311","Nof Hagalil",14,0,0,0,0,3,0,0,0,0,0,0,0
"312","Yakir",1,0,0,0,3,0,0,0,0,0,0,0,0
"313","Beit Dagan",1,0,2,2,5,1,0,0,0,0,0,0,0
"314","Hazor HaGalilit",0,0,0,1,0,0,0,0,0,0,0,0,0
"315","Kiryat Tiv'on",5,0,0,0,2,0,0,0,0,0,0,0,0
"316","Nahariya",5,0,0,0,2,1,0,0,0,0,0,0,0
"317","Menachemia",1,0,0,0,6,0,0,0,0,0,0,0,0
"318","Herzliya",6,0,0,0,1,0,0,0,0,0,0,0,0
"319","Beit Dagan",4,0,0,3,3,1,0,0,0,0,0,0,0
"320","Nahariya",2,0,5,85,43,10,0,0,0,0,0,0,0
"321","Hazor HaGalilit",3,0,0,6,40,7,0,0,0,0,0,0,0
"322","Ariel",2,0,0,0,9,5,0,0,0,0,0,0,0
"323","Pri Gan",0,0,0,0,2,0,0,0,0,0,0,0,0
"324","Kfar Yona",3,0,0,2,3,2,0,0,0,0,0,0,0
"325","Harish",9,0,0,0,0,1,0,0,0,0,0,0,0
"326","Nazareth",1,0,0,0,5,4,0,0,0,0,0,0,0
"327","Maale Ephraim",1,0,1,2,2,16,0,0,0,0,0,0,0
"328","Yavne",7,0,0,0,0,0,1,0,0,0,0,0,0
"329","Ma'ale Amos",0,0,0,0,2,0,0,0,0,0,0,0,0
"330","Mitzpe Ramon",0,0,0,3,0,3,0,0,0,0,0,0,0
"331","Or Akiva",0,0,3,0,0,1,0,0,0,0,0,0,0
"332","Ramat Hasharon",11,0,0,0,0,1,0,0,0,0,0,0,0
"333","Kfar Yona",0,0,1,0,3,0,0,0,0,0,0,0,0
"334","Haifa",15,0,0,0,0,2,0,0,0,0,0,0,0
"335","Paran",1,0,0,0,2,0,0,0,0,0,0,0,0
"336","Haifa",9,0,1,2,2,3,1,0,0,0,0,0,0
"337","Kiryat Gat",7,0,0,0,6,2,0,0,0,0,0,0,0
"338","Or Akiva",6,0,0,0,0,1,0,0,0,0,0,0,0
"339","Harish",3,0,0,0,1,1,0,0,0,0,0,0,0
"340","Eilat",19,0,0,0,1,0,0,0,0,0,0,0,0
"341","Nazareth",4,0,0,0,3,2,0,0,0,0,0,0,0
"342","Yavne",4,0,0,11,21,5,2,0,0,0,0,0,0
"343","Ramat Hasharon",8,0,0,0,0,1,0,0,0,0,0,0,0
"344","Yavne",1,0,18,22,22,11,8,0,0,0,0,0,0
"345","Haifa",12,0,0,0,0,2,0,0,0,0,0,0,0
"346","Kiryat Motzkin",1,0,4,7,21,2,0,0,0,0,0,0,0
"347","Or Akiva",3,0,1,27,39,4,0,0,0,0,0,0,0
"348","Mitzpe Ramon",3,0,0,19,59,23,2,0,0,0,0,0,0
"349","Beit Arye",1,0,0,0,2,0,0,0,0,0,0,0,0
"350","Kiryat Gat",4,0,0,117,142,26,0,0,0,0,0,0,0
"351","Kiryat Gat",10,0,0,0,2,1,0,0,0,0,0,0,0
"352","Haifa",6,0,0,3,26,4,1,0,0,0,0,0,0
"353","Kiryat Bialik",3,0,16,36,27,1,1,0,0,0,0,0,0
"354","Migdal",1,0,1,1,2,0,0,0,0,0,0,0,0
"355","Netanya",9,0,0,1,0,1,0,0,0,0,0,0,0
"356","Ramat Gan",1,0,23,52,38,15,2,0,0,0,0,0,0
"357","Arad",3,0,6,30,40,5,0,0,0,0,0,0,0
"358","Kiryat Arba",0,0,0,0,2,1,0,0,0,0,0,0,0
"359","Ness Ziona",1,0,16,9,22,19,0,0,0,0,0,0,0
"360","Pardes Hana",0,0,0,0,1,0,0,0,0,0,0,0,0
"361","Yakneam Alit",0,0,0,0,0,3,0,0,0,0,0,0,0
"362","Azur",8,0,0,0,0,1,0,0,0,0,0,0,0
"363","Hebron",0,0,0,0,0,1,1,0,0,0,0,0,0
"364","Ramla",8,0,0,0,3,1,0,0,0,0,0,0,0
"365","Pardes Hana",6,0,0,0,1,0,0,0,0,0,0,0,0
"366","Or Yehuda",10,0,0,0,0,1,0,0,0,0,0,0,0
"367","Kedumim",1,0,0,0,2,0,0,0,0,0,0,0,0
"368","Afula",8,0,0,4,8,0,0,1,0,0,0,0,0
"369","Kfar Saba",3,0,1,14,25,12,0,0,0,0,0,0,0
"370","Beer Sheva",5,0,1,6,39,21,0,0,0,0,0,0,0
"371","Or Yehuda",4,0,0,7,14,3,1,0,0,0,0,0,0
"372","Rosh Pinna",0,0,0,1,0,0,0,0,0,0,0,0,0
"373","Alon Mora",3,0,0,0,1,0,0,0,0,0,0,0,0
"374","Menachemia",2,0,0,0,6,0,0,0,0,0,0,0,0
"375","Yavne",3,0,0,14,28,5,4,0,0,0,0,0,0
"376","Ariel",3,0,0,0,11,3,0,0,0,0,0,0,0
"377","Yavne",0,0,0,0,4,1,0,0,0,0,0,0,0
"378","Haifa",11,0,0,0,1,2,0,0,0,0,0,0,0
"379","Rishon Lezion",4,0,1,16,37,19,1,0,0,0,0,0,0
"380","Haifa",5,0,0,11,17,11,0,0,0,0,0,0,0
"381","Nof Hagalil",7,0,0,13,25,7,0,0,0,0,0,0,0
"382","Nahariya",3,0,2,26,54,8,1,0,0,0,0,0,0
"383","Harish",2,0,0,0,2,2,0,0,0,0,0,0,0
"384","Katzrin",2,0,0,9,20,5,0,0,0,0,0,0,0
"385","Karnei Shomron",2,0,0,0,23,6,0,0,0,0,0,0,0
"386","Rishon Lezion",10,0,0,0,1,0,0,0,0,0,0,0,0
"387","Kiryat Malachi",1,0,0,29,40,8,0,0,0,0,0,0,0
"388","Rishon Lezion",7,0,0,1,3,1,1,0,0,0,0,0,0
"389","Nahariya",6,0,0,0,5,2,0,0,0,0,0,0,0
"390","Haifa",8,0,9,3,10,8,2,0,0,0,0,0,0
"391","Beer Sheva",1,0,162,429,712,185,42,14,3,0,0,0,0
"392","Ness Ziona",5,0,0,0,1,0,0,0,0,0,0,0,0
"393","Ramat Hasharon",15,0,0,0,0,1,0,0,0,0,0,0,0
"394","Even Yehuda",2,0,0,1,1,0,0,0,0,0,0,0,0
"395","Ma'ale Hever",0,0,0,0,3,0,0,0,0,0,0,0,0
"396","Nof Hagalil",16,0,0,0,0,1,0,0,0,0,0,0,0
"397","Rekhasim",4,0,0,0,2,0,0,0,0,0,0,0,0
"398","Kfar Yona",4,0,0,0,0,1,0,0,0,0,0,0,0
"399","Kiryat Motzkin",2,0,3,3,14,2,1,0,0,0,0,0,0
"400","Pardes Hana",4,0,0,1,5,1,1,0,0,0,0,0,0
"401","Beit Shean",1,0,5,35,68,73,6,2,1,2,0,0,0
"402","Or Yehuda",6,0,0,0,0,1,0,0,0,0,0,0,0
"403","Kiryat Gat",11,0,0,0,1,1,0,0,0,0,0,0,0
"404","Kiryat Ono",1,0,2,9,9,8,1,0,0,0,0,0,0
"405","Ness Ziona",2,0,1,6,11,8,1,0,0,0,0,0,0
"406","Ramat Hasharon",18,0,0,0,0,1,0,0,0,0,0,0,0
"407","Zichron Yaakov",1,0,7,16,12,3,2,0,0,0,0,0,0
"408","Kiryat Motzkin",5,0,1,0,1,0,0,0,0,0,0,0,0
"409","Rekhasim",1,0,7,7,4,2,0,0,0,0,0,0,0
"410","Ramat Hasharon",12,0,0,0,0,1,0,0,0,0,0,0,0
"411","Holon",11,0,0,0,0,1,0,0,0,0,0,0,0
"412","Kiryat Gat",14,0,0,0,0,1,0,0,0,0,0,0,0
"413","Haifa",2,0,13,102,122,47,2,0,0,0,0,0,0
"414","Or Yehuda",3,0,0,16,23,2,1,0,0,0,0,0,0
"415","Kiryat Ono",4,0,1,0,6,3,1,0,0,0,0,0,0
"416","Hadera",6,0,0,0,2,0,0,0,0,0,0,0,0
"417","Kiryat Gat",16,0,0,0,0,1,0,0,0,0,0,0,0
"418","Kiryat Tiv'on",1,0,9,18,11,1,0,0,0,0,0,0,0
"419","Modi'in Illit",4,0,0,0,0,1,0,0,0,0,0,0,0
"420","Sderot",2,0,0,26,90,27,4,1,0,0,0,0,0
"421","Ma'ale Adumim",3,0,0,0,6,0,0,0,0,0,0,0,0
"422","Hod Hasharon",2,0,0,9,13,9,0,0,0,0,0,0,0
"423","Kiryat Yam",12,0,0,0,1,0,0,0,0,0,0,0,0
"424","Nesher",9,0,0,0,1,0,0,0,0,0,0,0,0
"425","Zichron Yaakov",3,0,2,4,8,3,0,0,0,0,0,0,0
"426","Yeruham",4,0,0,4,20,3,0,0,0,0,0,0,0
"427","Ashkelon",15,0,0,0,1,0,0,0,0,0,0,0,0
"428","Beit Shean",6,0,0,0,0,1,0,0,0,0,0,0,0
"429","Kfar Saba",6,0,0,1,0,1,0,0,0,0,0,0,0
"430","Ashkelon",9,0,0,2,2,0,0,0,0,0,0,0,0
"431","Bat Yam",5,0,0,0,8,5,0,0,0,0,0,0,0
"432","Mitzpe Ramon",1,0,1,38,76,31,1,0,0,0,0,0,0
"433","Hadera",3,0,5,14,53,9,1,0,0,0,0,0,0
"434","Beit Shean",0,0,2,3,3,3,1,1,0,0,0,0,0
"435","Hadera",9,0,0,0,0,1,0,0,0,0,0,0,0
"436","Sha'al",1,0,0,0,1,0,0,0,0,0,0,0,0
"437","Or Yehuda",1,0,21,13,27,15,1,1,0,0,0,0,0
"438","Atlit",4,0,0,0,5,0,0,0,0,0,0,0,0
"439","Lod",0,0,0,0,0,1,0,0,0,0,0,0,0
"440","Nahariya",1,0,9,54,50,18,4,1,0,0,0,0,0
"441","Herzliya",5,0,0,0,0,1,0,0,0,0,0,0,0
"442","Matula",3,0,0,0,0,1,0,0,0,0,0,0,0
"443","Netivot",6,0,0,0,0,1,0,0,0,0,0,0,0
"444","Rishon Lezion",2,0,0,40,79,32,3,0,0,0,0,0,0
"445","Binyamina-Givat Ad",0,0,0,0,1,0,0,0,0,0,0,0,0
"446","Nof Hagalil",5,0,3,39,33,5,0,0,0,0,0,0,0
"447","Beit Shean",9,0,0,0,0,6,0,0,0,0,0,0,0
"448","Mitzpe Ramon",4,0,0,7,27,13,0,0,0,0,0,0,0
"449","Tel Aviv Jaffa",14,0,0,0,0,1,0,0,0,0,0,0,0
"450","Netanya",8,0,0,1,10,7,1,0,0,0,0,0,0
"451","Ramat Gan",0,0,1,5,2,0,0,0,0,0,0,0,0
"452","Herzliya",2,0,11,32,52,5,2,0,0,0,0,0,0
"453","Bnei Aish",1,0,0,2,2,0,1,1,0,0,0,0,0
"454","Ma'alot-Tarshiha",7,0,0,0,4,1,0,0,0,0,0,0,0
"455","Neve Zohar",2,0,0,1,0,0,0,0,0,0,0,0,0
"456","Tirat Carmel",4,0,3,12,41,8,0,0,0,0,0,0,0
"457","Nof Hagalil",2,0,12,178,179,21,0,4,0,0,0,0,0
"458","Alei Zahav",1,0,0,0,1,0,0,0,0,0,0,0,0
"459","Binyamina-Givat Ad",3,0,0,3,5,0,0,0,0,0,0,0,0
"460","Petah Tikva",20,0,0,0,0,1,0,0,0,0,0,0,0
"461","Kiryat Yam",6,0,1,2,3,2,1,0,0,0,0,0,0
"462","Yavne",6,0,0,0,1,3,0,0,0,0,0,0,0
"463","Haifa",14,0,0,0,1,3,0,0,0,0,0,0,0
"464","Holon",7,0,1,7,3,0,0,0,0,0,0,0,0
"465","Kiryat Gat",2,0,0,160,134,39,1,0,0,0,0,0,0
"466","Alon Mora",1,0,0,0,37,1,0,0,0,0,0,0,0
"467","Yitav",0,0,0,0,0,3,0,0,0,0,0,0,0
"468","Beit El",2,0,0,0,8,3,0,0,0,0,0,0,0
"469","Ramat Gan",3,0,3,30,21,2,1,0,0,0,0,0,0
"470","Yehud",3,0,1,8,18,6,0,0,0,0,0,0,0
"471","Ephrata",1,0,0,0,0,0,0,1,0,0,0,0,0
"472","Or Yehuda",12,0,0,0,0,1,0,0,0,0,0,0,0
"473","Kiryat Ata",6,0,0,5,14,5,0,0,0,0,0,0,0
"474","Beer Sheva",7,0,1,3,20,15,0,0,0,0,0,0,0
"475","Nahariya",7,0,0,0,6,2,0,0,0,0,0,0,0
"476","Menachemia",3,0,0,0,2,0,0,0,0,0,0,0,0
"477","Shilo",1,0,0,0,7,0,0,0,0,0,0,0,0
"478","Ramat Gan",6,0,0,0,1,1,0,0,0,0,0,0,0
"479","Avnei Hefetz",3,0,0,0,1,0,0,0,0,0,0,0,0
"480","Yehud",0,0,1,1,3,0,0,0,0,0,0,0,0
"481","Maale Ephraim",2,0,0,0,11,0,0,0,0,0,0,0,0
"482","Givatayim",0,0,1,1,0,0,0,0,0,0,0,0,0
"483","Kiryat Ata",3,0,14,42,54,11,2,0,0,0,0,0,0
"484","Or Yehuda",15,0,0,0,1,0,0,0,0,0,0,0,0
"485","Beer Sheva",4,0,5,213,327,94,1,1,0,0,0,0,0
"486","Nahariya",4,0,0,6,20,5,0,0,0,0,0,0,0
"487","Ramat Gan",9,0,0,0,0,1,0,0,0,0,0,0,0
"488","Herzliya",1,0,59,42,59,27,1,0,0,0,0,0,0
"489","Or Yehuda",5,0,0,0,1,0,0,0,0,0,0,0,0
"490","Kiryat Ono",2,0,0,0,15,4,0,0,0,0,0,0,0
"491","Hadera",7,0,0,0,3,4,0,0,0,0,0,0,0
"492","Netivot",2,0,13,38,50,37,1,0,0,0,0,0,0
"493","Beit Dagan",3,0,0,4,4,3,0,0,0,0,0,0,0
"494","Lod",4,0,0,41,95,13,0,0,0,0,0,0,0
"495","Acre",6,0,0,2,11,2,0,0,0,0,0,0,0
"496","Acre",0,0,0,1,0,0,0,0,0,0,0,0,0
"497","Netivot",8,0,0,0,0,1,0,0,0,0,0,0,0
"498","Zefat",11,0,0,0,3,0,0,0,0,0,0,0,0
"499","Zefat",5,0,0,19,33,5,0,0,0,0,0,0,0
"500","Ramat Hasharon",3,0,0,5,16,2,0,0,0,0,0,0,0
"501","Atlit",3,0,0,0,15,1,0,1,0,0,0,0,0
"502","Afula",0,0,2,4,6,1,0,0,0,0,0,0,0
"503","Hasfin",0,0,0,0,9,0,0,0,0,0,0,0,0
"504","Lod",1,0,15,84,132,48,4,0,0,0,0,0,0
"505","Hazor HaGalilit",1,0,11,15,35,11,1,0,0,1,0,0,0
"506","Alon Shvut",1,0,0,2,4,0,0,0,0,0,0,0,0
"507","Efraim",2,0,0,0,0,4,0,0,0,0,0,0,0
"508","Bnei Brak",6,0,0,0,1,0,0,0,0,0,0,0,0
"509","Tirat Carmel",2,0,10,66,68,15,0,0,0,0,0,0,0
"510","Netivot",5,0,0,0,0,4,0,0,0,0,0,0,0
"511","Acre",3,0,2,71,80,20,0,0,0,0,0,0,0
"512","Ofakim",4,0,0,38,23,16,2,0,0,0,0,0,0
"513","Rekhasim",3,0,0,1,1,2,0,0,0,0,0,0,0
"514","Binyamina-Givat Ad",1,0,2,11,18,6,2,0,0,0,0,0,0
"515","Zefat",8,0,0,5,20,3,0,0,0,0,0,0,0
"516","Ramat Hasharon",6,0,0,0,2,1,0,0,0,0,0,0,0
"517","Or Akiva",1,0,16,37,43,13,2,0,0,0,0,0,0
"518","Eilat",8,0,0,0,1,3,0,0,0,0,0,0,0
"519","Ramat Hasharon",0,0,0,0,0,1,0,0,0,0,0,0,0
"520","Tiberias",6,0,0,0,18,6,0,0,0,0,0,0,0
"521","Azur",6,0,0,0,1,0,0,0,0,0,0,0,0
"522","Ramla",6,0,1,0,5,2,0,0,0,0,0,0,0
"523","Bar Yochai",1,0,0,0,1,0,0,2,0,0,0,0,0
"524","Ramat Hasharon",9,0,0,0,0,1,0,0,0,0,0,0,0
"525","Jerusalem",6,0,1,5,18,17,1,0,0,0,0,0,0
"526","Mount Gila",1,0,0,0,1,0,0,0,0,0,0,0,0
"527","Kiryat Tiv'on",3,0,0,3,1,3,0,0,0,0,0,0,0
"528","Kiryat Bialik",1,0,27,52,32,9,0,0,0,0,0,0,0
"529","Bat Yam",6,0,0,1,6,1,0,0,0,0,0,0,0
"530","Kiryat Bialik",4,0,1,10,11,1,0,0,0,0,0,0,0
"531","Beit Shemesh",6,0,0,0,19,0,0,0,0,0,0,0,0
"532","Kiryat Arba",5,0,0,0,7,4,0,0,0,0,0,0,0
"533","Azur",3,0,0,3,6,2,0,0,0,0,0,0,0
"534","Petah Tikva",1,0,24,49,123,48,6,2,0,0,0,0,0
"535","Ramla",3,0,0,39,78,15,0,0,0,0,0,0,0
"536","Pardes Hana",1,0,18,45,100,12,3,5,0,0,0,0,0
"537","Yeruham",2,0,0,45,83,9,0,0,0,0,0,0,0
"538","Jerusalem",9,0,0,0,12,2,1,0,0,0,0,0,0
"539","Jerusalem",3,0,6,53,186,80,7,1,0,0,0,0,0
"540","Ramla",0,0,0,0,0,2,0,0,0,0,0,0,0
"541","Kfar Yona",1,0,2,5,25,11,1,1,0,0,0,0,0
"542","Kiryat Ono",3,0,1,2,13,6,1,0,0,0,0,0,0
"543","Ma'alot-Tarshiha",1,0,8,54,40,14,2,1,0,0,0,0,0
"544","Ramat Gan",4,0,0,3,7,0,0,0,0,0,0,0,0
"545","Arad",0,0,0,2,3,0,0,0,0,0,0,0,0
"546","Gadida-Makr",2,0,0,0,12,18,0,0,0,0,0,0,0
"547","Beer Sheva",2,0,56,345,345,108,11,3,0,0,0,0,0
"548","Tel Mond",2,0,0,2,5,2,0,0,0,0,0,0,0
"549","Netanya",6,0,0,1,17,8,1,0,0,0,0,0,0
"550","Even Yehuda",1,0,0,3,5,1,0,0,0,0,0,0,0
"551","Rehovot",2,0,0,29,49,12,0,0,0,0,0,0,0
"552","Kiryat Arba",3,0,0,0,44,9,0,0,0,0,0,0,0
"553","Avnei Hefetz",1,0,0,2,0,0,0,0,0,0,0,0,0
"554","Ramat Hasharon",14,0,0,0,0,1,0,0,0,0,0,0,0
"555","Harutzim",1,0,2,3,1,0,0,0,0,0,0,0,0
"556","Ramla",5,0,0,0,3,3,0,0,0,0,0,0,0
"557","Jerusalem",11,0,0,0,1,1,0,0,0,0,0,0,0
"558","Kiryat Ono",0,0,0,0,1,0,0,0,0,0,0,0,0
"559","Pardes Hana",3,0,7,22,35,2,2,0,0,0,0,0,0
"560","Givat Shmuel",5,0,0,1,3,0,0,0,0,0,0,0,0
"561","Or Yehuda",7,0,0,0,2,0,0,0,0,0,0,0,0
"562","Kiryat Bialik",6,0,0,0,2,2,0,0,0,0,0,0,0
"563","Zefat",0,0,0,4,7,3,0,0,0,0,0,0,0
"564","Rishon Lezion",11,0,0,0,0,1,0,0,0,0,0,0,0
"565","Tel Aviv Jaffa",0,0,13,42,28,17,5,2,0,0,0,0,1
"566","Hazor HaGalilit",6,0,0,1,1,0,0,0,0,0,0,0,0
"567","Hod Hasharon",3,0,0,9,10,5,1,0,0,0,0,0,0
"568","Tzofar",1,0,0,0,1,0,0,0,0,0,0,0,0
"569","Ramat Yishai",2,0,0,0,1,0,0,0,0,0,0,0,0
"570","Lod",6,0,0,0,3,1,0,0,0,0,0,0,0
"571","Petah Tikva",15,0,0,0,0,1,0,0,0,0,0,0,0
"572","Petah Tikva",9,0,0,0,1,0,0,0,0,0,0,0,0
"573","Bnei Brak",1,0,24,34,44,29,1,0,0,0,0,0,0
"574","Migdal Haemek",6,0,0,0,3,3,0,0,0,0,0,0,0
"575","Ro'i",1,0,0,0,1,0,0,0,0,0,0,0,0
"576","Rishon Lezion",8,0,0,0,3,0,0,0,0,0,0,0,0
"577","Kiryat Yam",1,0,28,56,82,15,0,0,0,0,0,0,0
"578","Zefat",3,0,3,31,40,8,0,0,0,0,0,0,0
"579","Alon Mora",2,0,0,0,21,3,0,0,0,0,0,0,0
"580","Tirat Carmel",10,0,0,0,0,1,1,0,0,0,0,0,0
"581","Kiryat Yam",4,0,10,19,48,2,1,0,0,0,0,0,0
"582","Lod",3,0,0,66,97,12,0,0,0,0,0,0,0
"583","Modi'in Illit",0,0,0,0,0,1,0,0,0,0,0,0,0
"584","Bnei Brak",4,0,1,20,20,6,0,0,0,0,0,0,0
"585","Petah Tikva",12,0,0,0,0,1,0,0,0,0,0,0,0
"586","Kfar Saba",0,0,0,0,4,4,0,0,0,0,0,0,0
"587","Alon Shvut",2,0,0,0,5,1,0,0,0,0,0,0,0
"588","Hod Hasharon",0,0,0,2,2,1,0,0,0,0,0,0,0
"589","Rishon Lezion",5,0,0,0,12,4,0,0,0,0,0,0,0
"590","Elkana",1,0,0,0,5,17,6,0,0,0,0,0,0
"591","Zefat",6,0,0,19,24,6,0,0,0,0,0,0,0
"592","Halamish",1,0,0,0,4,0,0,0,0,0,0,0,0
"593","Atlit",1,0,2,11,32,0,0,0,0,0,0,0,0
"594","Hazor HaGalilit",7,0,0,2,0,0,0,0,0,0,0,0,0
"595","Tel Aviv Jaffa",1,0,68,198,261,103,16,4,0,0,0,0,0
"596","Ganei Tikva",3,0,0,0,9,1,1,0,0,0,0,0,0
"597","Acre",9,0,0,0,0,3,0,0,0,0,0,0,0
"598","Bnei Brak",0,0,0,1,3,4,1,0,0,0,0,0,0
"599","Ze'ev hill",2,0,0,0,1,0,0,0,0,0,0,0,0
"600","Ashdod",3,0,5,155,110,27,2,0,0,0,0,0,0
"601","Kadima-Zoran",1,0,2,10,9,7,1,1,0,0,0,0,0
"602","Tiberias",0,0,0,19,0,2,0,0,0,0,0,0,0
"603","Zefat",2,0,3,56,43,14,0,0,0,0,0,0,0
"604","Migdal Haemek",3,0,0,38,120,31,0,1,0,0,0,0,0
"605","Carmiel",3,0,0,33,99,6,2,0,0,0,0,0,0
"606","Arad",1,0,9,32,70,4,0,0,0,0,0,0,0
"607","Kmehin",0,0,0,0,3,0,0,0,0,0,0,0,0
"608","Or Akiva",7,0,0,0,0,1,0,0,0,0,0,0,0
"609","Ashdod",6,0,0,0,18,29,8,0,0,0,0,0,0
"610","Rehovot",5,0,0,0,4,0,1,0,0,0,0,0,0
"611","Rehovot",14,0,0,0,0,1,0,0,0,0,0,0,0
"612","Yavne",5,0,0,0,3,2,0,0,0,0,0,0,0
"613","Haifa",13,0,0,0,0,1,0,0,0,0,0,0,0
"614","Rehovot",8,0,0,0,0,2,0,0,0,0,0,0,0
"615","Jerusalem",0,0,32,82,82,56,7,2,0,1,0,0,0
"616","Katzrin",0,0,11,8,55,26,0,0,0,0,0,0,0
"617","Beit Shemesh",0,0,0,0,10,9,2,0,0,0,0,0,0
"618","Rosh HaAyin",6,0,0,0,1,0,1,0,0,0,0,0,0
"619","Ramla",9,0,0,0,3,1,0,0,0,0,0,0,0
"620","Or Akiva",4,0,0,0,18,1,0,0,0,0,0,0,0
"621","Haifa",19,0,0,0,0,1,0,0,0,0,0,0,0
"622","Nazareth",2,0,0,0,8,1,0,0,0,0,0,0,0
"623","Arad",4,0,6,74,48,4,0,0,0,0,0,0,0
"624","Haifa",10,0,0,0,1,1,0,0,0,0,0,0,0
"625","Rehovot",11,0,0,0,0,1,0,0,0,0,0,0,0
"626","Shorashim",0,0,0,0,1,0,0,0,0,0,0,0,0
"627","Kiryat Gat",0,0,0,1,15,3,1,0,0,0,0,0,0
"628","Katzrin",3,0,0,0,33,9,0,0,0,0,0,0,0
"629","Beit Shemesh",3,0,0,32,69,9,1,0,0,0,0,0,0
"630","Rosh HaAyin",3,0,0,2,10,3,0,0,0,0,0,0,0
"631","Carmiel",6,0,0,2,10,6,0,0,0,0,0,0,0
"632","Avshalom",1,0,0,0,1,0,0,0,0,0,0,0,0
"633","Netivot",4,0,1,6,38,24,0,0,0,0,0,0,0
"634","Mevo Dotan",1,0,0,0,1,0,0,0,0,0,0,0,0
"635","Herzliya",3,0,2,10,19,5,5,0,0,0,0,0,0
"636","Haifa",18,0,0,0,0,1,0,0,0,0,0,0,0
"637","Kiryat Tiv'on",2,0,3,5,8,2,0,0,0,0,0,0,0
"638","Eden",0,0,0,0,6,0,0,0,0,0,0,0,0
"639","Gan Yavne",1,0,1,7,6,0,1,0,0,0,0,0,0
"640","Gornot HaGalil",0,0,0,0,0,1,0,0,0,0,0,0,0
"641","Givatayim",3,0,0,2,7,0,0,0,0,0,0,0,0
"642","Ofakim",3,0,0,107,142,72,2,1,0,0,0,0,0
"643","Nazareth",7,0,0,0,0,1,0,0,0,0,0,0,0
"644","Mazkeret Batya",1,0,0,4,5,4,0,0,0,0,0,0,0
"645","Herzliya",0,0,3,1,0,0,0,0,0,0,0,0,0
"646","Shlomi",2,0,0,3,33,15,1,0,0,0,0,0,0
"647","Dimona",5,0,0,3,42,2,0,0,0,0,0,0,0
"648","Binyamina-Givat Ad",2,0,0,9,7,3,0,0,0,0,0,0,0
"649","Beit Shemesh",2,0,5,42,100,24,4,0,0,0,0,0,0
"650","Netivot",1,0,7,26,50,27,2,1,0,0,0,0,0
"651","Shfar'am",1,0,0,9,0,0,0,0,0,0,0,0,0
"652","Acre",7,0,0,2,18,2,0,0,0,0,0,0,0
"653","Lapidot",0,0,0,0,2,0,0,0,0,0,0,0,0
"654","Bar Yochai",0,0,0,0,3,0,0,0,0,0,0,0,0
"655","Sapir",1,0,0,0,4,4,0,0,0,0,0,0,0
"656","Netivot",7,0,0,0,0,2,0,0,0,0,0,0,0
"657","Nof Hagalil",0,0,0,5,10,0,0,0,0,0,0,0,0
"658","Ashdod",1,0,32,220,154,47,5,0,0,0,0,0,0
"659","Mazkeret Batya",4,0,0,0,1,0,0,0,0,0,0,0,0
"660","Dimona",2,0,28,265,244,49,1,2,0,0,0,0,0
"661","Ofakim",0,0,0,2,6,0,0,0,0,0,0,0,0
"662","Beit Shemesh",5,0,0,0,13,3,0,0,0,0,0,0,0
"663","Mevaseret Zion",1,0,0,5,1,0,1,0,0,0,0,0,0
"664","Kiryat Shmona",8,0,0,0,3,11,0,0,0,0,0,0,0
"665","Tiberias",5,0,0,0,31,5,0,1,0,0,0,0,0
"666","Raanana",2,0,1,2,16,4,0,0,0,0,0,0,0
"667","Yehud",1,0,5,24,20,5,0,1,0,0,0,0,0
"668","Yehud",7,0,0,0,1,0,0,0,0,0,0,0,0
"669","Beer Sheva",14,0,0,0,0,1,0,0,0,0,0,0,0
"670","Sderot",1,0,2,64,104,22,3,0,0,0,0,0,0
"671","Hadera",4,0,0,2,20,8,0,0,0,0,0,0,0
"672","Beer Sheva",11,0,0,0,1,4,0,0,0,0,0,0,0
"673","Elad",0,0,0,0,0,3,2,0,0,0,0,0,0
"674","Kiryat Gat",1,0,9,122,112,47,6,1,0,0,0,0,0
"675","Holon",4,0,9,21,27,10,0,0,0,0,0,0,0
"676","Ramat Hasharon",5,0,0,0,0,3,0,0,0,0,0,0,0
"677","Eilat",5,0,0,0,5,0,0,0,0,0,0,0,0
"678","Beitar Illit",2,0,0,0,6,2,0,1,0,0,0,0,0
"679","Raanana",5,0,0,0,1,0,0,0,0,0,0,0,0
"680","Yehud",4,0,0,3,8,3,2,0,0,0,0,0,0
"681","Ashkelon",4,0,0,97,145,54,1,0,0,0,0,0,0
"682","Tiberias",2,0,8,35,163,31,2,3,2,0,0,0,0
"683","Sderot",4,0,0,16,53,42,1,0,0,0,0,0,0
"684","Beit Shean",8,0,0,0,0,3,0,0,0,0,0,0,0
"685","Kfar Tapuach",1,0,0,0,15,0,0,0,0,0,0,0,0
"686","Ramat Hasharon",2,0,1,2,11,5,0,0,0,0,0,0,0
"687","Hadera",1,0,51,45,103,19,2,3,0,0,0,0,0
"688","Holon",1,0,43,88,136,59,4,0,0,0,0,0,0
"689","Ashkelon",7,0,0,0,13,1,0,0,0,0,0,0,0
"690","Tiberias",8,0,0,0,13,0,1,0,0,0,0,0,0
"691","Eilat",2,0,0,8,49,9,1,0,0,0,0,0,0
"692","Beitar Illit",5,0,0,0,3,0,0,0,0,0,0,0,0
"693","Rosh HaAyin",5,0,0,0,0,1,0,0,0,0,0,0,0
"694","Be'er Ya'akov",2,0,0,2,3,4,1,0,0,0,0,0,0
"695","Ashkelon",1,0,43,194,252,62,9,1,0,0,0,0,0
"696","Rosh HaAyin",1,0,24,15,19,19,6,0,0,0,0,0,0
"697","Carmiel",1,0,12,48,125,13,1,0,0,0,0,0,0
"698","Afula",1,0,6,86,150,35,1,1,0,0,0,0,0
"699","Kiryat Motzkin",17,0,0,0,0,1,1,0,0,0,0,0,0
"700","Sderot",3,0,0,38,114,32,3,0,0,0,0,0,0
"701","Kfar Tapuach",0,0,0,0,1,0,0,0,0,0,0,0,0
"702","Rehovot",12,0,0,0,0,1,0,0,0,0,0,0,0
"703","Jerusalem",4,0,10,72,121,57,6,0,0,0,0,0,0
"704","Beit Shean",7,0,0,0,0,1,0,0,0,0,0,0,0
"705","Bat Yam",4,0,5,27,47,12,0,0,0,0,0,0,0
"706","Hadera",2,0,0,54,42,11,0,0,0,0,0,0,0
"707","Tiberias",7,0,0,0,8,0,0,0,0,0,0,0,0
"708","Rosh HaAyin",4,0,0,0,2,1,0,0,0,0,0,0,0
"709","Be'er Ya'akov",1,0,8,3,8,10,2,0,0,0,0,0,0
"710","Bnei Aish",3,0,0,2,0,0,0,0,0,0,0,0,0
"711","Azur",1,0,0,2,10,2,0,0,0,0,0,0,0
"712","Sderot",0,0,0,0,0,1,0,0,0,0,0,0,0
"713","Beer Sheva",12,0,0,0,0,1,0,0,0,0,0,0,0
"714","Rehovot",9,0,0,0,0,1,0,0,0,0,0,0,0
"715","Jerusalem",1,0,106,187,243,119,17,1,0,0,0,0,0
"716","Bat Yam",1,0,13,96,141,38,2,0,0,0,0,0,0
"717","Beit Shean",4,0,0,0,61,48,0,0,0,0,0,0,0
"718","Beit Shemesh",7,0,0,0,3,0,0,0,0,0,0,0,0
"719","Acre",8,0,0,0,0,4,0,0,0,0,0,0,0
"720","Tirat Carmel",3,0,7,33,30,10,2,0,0,0,0,0,0
"721","Neve Zohar",1,0,0,1,3,0,0,0,0,0,0,0,0
"722","Yeruham",3,0,1,47,72,10,0,0,0,0,0,0,0
"723","Petahya",0,0,0,0,0,0,1,0,0,0,0,0,0
"724","Ephrata",0,0,0,0,0,0,1,0,0,0,0,0,0
"725","Tel Aviv Jaffa",10,0,0,0,2,0,0,0,0,0,0,0,0
"726","Ashdod",2,0,5,212,111,34,3,0,0,0,0,0,0
"727","Petah Tikva",2,0,1,61,114,28,2,0,0,0,0,0,0
"728","Itamar",1,0,0,0,20,0,0,0,0,0,0,0,0
"729","Einav",1,0,0,0,16,0,0,0,0,0,0,0,0
"730","Gedera",2,0,0,0,2,1,0,0,0,0,0,0,0
"731","Carmiel",7,0,0,0,4,7,0,0,0,0,0,0,0
"732","Tirat Carmel",0,0,0,0,0,1,0,0,0,0,0,0,0
"733","Yeruham",0,0,0,2,4,1,0,0,0,0,0,0,0
"734","Acre",5,0,1,1,10,5,0,0,0,0,0,0,0
"735","Nesher",0,0,0,0,2,3,0,0,0,0,0,0,0
"736","Ofakim",2,0,0,98,136,61,1,1,0,0,0,0,0
"737","Tel Aviv Jaffa",7,0,0,2,14,5,0,0,0,0,0,0,0
"738","Kiryat Ata",5,0,0,13,14,4,0,0,0,0,0,0,0
"739","Ashdod",5,0,0,0,24,26,4,0,0,0,0,0,0
"740","Tel Aviv Jaffa",13,0,0,0,0,2,0,0,0,0,0,0,0
"741","Carmiel",4,0,0,6,82,5,0,0,0,0,0,0,0
"742","Yehud",5,0,0,0,1,2,0,0,0,0,0,0,0
"743","Nesher",6,0,0,1,2,1,0,0,0,0,0,0,0
"744","Nof Hagalil",1,0,7,200,225,10,0,4,0,0,0,0,0
"745","Kiryat Ata",8,0,1,3,6,1,0,0,0,0,0,0,0
"746","Nesher",3,0,2,15,23,3,0,0,0,0,0,0,0
"747","Kiryat Ekron",2,0,0,1,9,0,1,0,0,0,0,0,0
"748","Dimona",1,0,38,289,314,61,9,3,0,1,0,0,0
"749","Beit Shemesh",4,0,0,36,48,18,1,0,0,0,0,0,0
"750","Beitar Illit",4,0,0,0,5,0,0,0,0,0,0,0,0
"751","Raanana",1,0,9,49,42,17,10,3,0,0,0,0,0
"752","Yehud",2,0,0,4,14,4,3,0,0,0,0,0,0
"753","Yehud",8,0,0,0,1,0,0,0,0,0,0,0,0
"754","Givatayim",2,0,1,3,3,0,0,0,0,0,0,0,0
"755","Nof Hagalil",4,0,11,75,181,18,0,0,0,0,0,0,0
"756","Dimona",4,0,1,94,217,48,1,0,0,0,0,0,0
"757","Shlomi",3,0,0,3,31,2,0,0,0,0,0,0,0
"758","Raanana",4,0,0,7,6,7,0,0,0,0,0,0,0
"759","Nov",1,0,0,0,8,0,0,0,0,0,0,0,0
"760","Matula",1,0,0,0,0,2,0,0,0,0,0,0,0
"761","Petah Tikva",0,0,0,6,15,5,0,0,0,0,0,0,0
"762","Jerusalem",8,0,0,0,15,4,0,0,0,0,0,0,0
"763","Petah Tikva",6,0,0,0,6,4,0,0,0,0,0,0,0
"764","Jerusalem",2,0,27,109,231,113,13,0,0,0,0,0,0
"765","Netanya",3,0,12,42,90,33,1,0,0,0,0,0,0
"766","Dovev",1,0,0,0,1,0,0,0,0,0,0,0,0
"767","Carmiel",5,0,0,0,10,8,0,0,0,0,0,0,0
"768","Tel Sheva",1,0,0,4,0,0,0,0,0,0,0,0,0
"769","Avshalom",0,0,0,0,12,0,0,0,0,0,0,0,0
"770","Tel Aviv Jaffa",12,0,0,0,1,0,0,0,0,0,0,0,0
"771","Arad",6,0,0,0,3,1,0,0,0,0,0,0,0
"772","Rehovot",13,0,0,0,0,2,0,0,0,0,0,0,0
"773","Kahal",0,0,0,0,1,0,0,0,0,0,0,0,0
"774","Kiryat Shmona",5,0,0,1,23,10,0,0,0,0,0,0,0
"775","Yakneam Alit",3,0,0,15,6,5,0,0,0,0,0,0,0
"776","Tel Aviv Jaffa",9,0,0,0,2,1,0,0,0,0,0,0,0
"777","Jerusalem",5,0,1,17,45,22,1,1,0,0,0,0,0
"778","Beer Sheva",8,0,0,0,20,14,0,0,0,0,0,0,0
"779","Petah Tikva",3,0,0,47,78,21,1,0,0,0,0,0,0
"780","Elad",3,0,0,0,1,3,1,0,0,0,0,0,0
"781","Or Yehuda",13,0,0,0,1,0,0,0,0,0,0,0,0
"782","Carmiel",8,0,0,2,3,9,0,0,0,0,0,0,0
"783","Kiryat Bialik",0,0,1,0,1,0,0,0,0,0,0,0,0
"784","Kiryat Yam",7,0,2,1,2,3,0,0,0,0,0,0,0
"785","Yakneam Alit",6,0,0,0,1,1,0,0,0,0,0,0,0
"786","Kiryat Ekron",3,0,0,2,5,2,0,0,0,0,0,0,0
"787","Afula",5,0,0,30,36,13,0,0,0,0,0,0,0
"788","Acre",4,0,0,81,97,8,0,0,0,0,0,0,0
"789","Nesher",1,0,14,33,27,3,0,0,0,0,0,0,0
"790","Bat Yam",0,0,1,3,2,0,0,0,0,0,0,0,0
"791","Kadima-Zoran",2,0,0,9,6,2,0,0,0,0,0,0,0
"792","Kiryat Ekron",0,0,0,1,0,0,1,0,0,0,0,0,0
"793","Yavne'el",1,0,0,3,6,1,0,0,0,0,0,0,0
"794","Tel Aviv Jaffa",6,0,0,0,30,14,0,0,0,0,0,0,0
"795","Kiryat Yam",10,0,0,0,1,1,0,0,0,0,0,0,0
"796","Afula",2,0,0,66,138,27,1,0,0,0,0,0,0
"797","Tel Aviv Jaffa",3,0,9,98,190,55,7,1,2,0,1,0,0
"798","Nesher",7,0,0,3,2,0,0,0,0,0,0,0,0
"799","Acre",1,0,22,95,78,21,2,1,0,0,0,0,0
"800","Nesher",4,0,0,10,16,2,0,0,0,0,0,0,0
"801","Netanya",0,0,1,2,13,7,2,0,0,0,0,0,0
"802","Gedera",1,0,0,2,5,3,0,0,0,0,0,0,0
"803","Bat Yam",3,0,10,41,79,14,3,0,0,0,0,0,0
"804","Beitar Illit",1,0,0,0,6,3,0,0,0,0,0,0,0
"805","Eilat",0,0,0,2,3,5,0,0,0,0,0,0,0
"806","Beit Shemesh",1,0,15,61,104,29,2,1,0,0,0,0,0
"807","Ashkelon",3,0,0,160,179,43,0,0,0,0,0,0,0
"808","Be'er Ya'akov",4,0,0,3,3,0,0,0,0,0,0,0,0
"809","Dimona",7,0,0,0,1,0,0,0,0,0,0,0,0
"810","Kiryat Motzkin",11,0,0,0,0,0,2,0,0,0,0,0,0
"811","Zichron Yaakov",4,0,1,6,2,3,0,0,0,0,0,0,0
"812","Netivot",0,0,0,0,26,16,1,0,0,0,0,0,0
"813","Kiryat Shmona",4,0,0,13,68,31,1,0,0,0,0,0,0
"814","Kiryat Malachi",4,0,0,44,24,11,0,0,0,0,0,0,0
"815","Elad",4,0,0,0,2,2,0,0,0,0,0,0,0
"816","Hamra",1,0,0,0,1,0,0,0,0,0,0,0,0
"817","Holon",8,0,1,8,4,1,0,0,0,0,0,0,0
"818","Holon",2,0,28,43,104,31,3,0,0,0,0,0,0
"819","Tiberias",1,0,13,76,109,43,2,12,4,0,0,1,0
"820","Ashkelon",6,0,0,7,12,4,0,0,0,0,0,0,0
"821","Hadera",8,0,0,0,2,5,0,0,0,0,0,0,0
"822","Ramat Hasharon",1,0,12,16,34,12,6,0,0,0,0,0,0
"823","Eilat",3,0,0,13,42,4,0,0,0,0,0,0,0
"824","Netivot",3,0,1,11,36,19,0,0,0,0,0,0,0
"825","Tiberias",4,0,0,24,60,7,0,3,0,0,0,0,0
"826","Ashkelon",0,0,0,1,22,12,3,0,0,0,0,0,0
"827","Mevaseret Zion",2,0,0,1,0,1,0,0,0,0,0,0,0
"828","Bnei Yehuda",1,0,0,0,5,0,0,0,0,0,0,0,0
"829","Kiryat Shmona",1,0,8,18,125,94,3,1,0,7,0,0,0
"830","Kiryat Motzkin",8,0,0,0,0,2,0,0,0,0,0,0,0
"831","Kiryat Motzkin",14,0,0,0,0,1,0,0,0,0,0,0,0
"832","Kiryat Malachi",7,0,0,0,0,2,0,0,0,0,0,0,0
"833","Kiryat Shmona",7,0,0,0,5,11,0,0,0,0,0,0,0
"834","Hadera",5,0,0,0,2,1,0,0,0,0,0,0,0
"835","Kiryat Malachi",10,0,0,0,0,1,0,0,0,0,0,0,0
"836","Elad",1,0,0,0,4,9,0,0,0,0,0,0,0
"837","Mazkeret Batya",2,0,0,1,4,1,0,0,0,0,0,0,0
"838","Eilat",6,0,0,0,2,2,0,0,0,0,0,0,0
"839","Holon",5,0,1,4,6,12,1,0,0,0,0,0,0
"840","Telmon",1,0,0,0,3,0,0,0,0,0,0,0,0
